method,fold,fwd_horizon,n,utility_mean,utility_sum,ic,ic_tstat,hit_rate,coverage,cost_bps,train_start,train_end,test_start,test_end
baseline_fixed,0,6,1083,0.004063133373105436,4.400373443073188,-0.05009087253687626,-0.9411607527024572,0.508893280632411,0.9344413665743305,10.0,2002-03-04,2002-09-30,2002-10-14,2007-04-19
threshold_optimized,0,6,1083,0.007912390278195467,8.56911867128569,-0.05009087253687626,-0.9411607527024572,0.5595567867036011,1.0,10.0,2002-03-04,2002-09-30,2002-10-14,2007-04-19
ridge_linear,0,6,1083,0.004036200268364858,4.371204890639142,-0.017457407251446524,-0.3278962679810436,0.5245746691871456,0.976915974145891,10.0,2002-03-04,2002-09-30,2002-10-14,2007-04-19
isotonic_calibrated,0,6,1083,-0.008982270124026094,-9.72779854432026,0.02475847901676063,0.446090564099763,0.39332096474953615,0.9953831948291783,10.0,2002-03-04,2002-09-30,2002-10-14,2007-04-19
topsis_category,0,6,1083,-0.005760020095079021,-6.23810176297058,0.04258088810776511,0.7491545944788067,0.41797961075069506,0.9963065558633426,10.0,2002-03-04,2002-09-30,2002-10-14,2007-04-19
topsis_action,0,6,1083,0.0012364759401327391,1.3391034431637565,-0.048860480847139016,-0.911704334720037,0.5010183299389002,0.4533702677746999,10.0,2002-03-04,2002-09-30,2002-10-14,2007-04-19
ahp_topsis_prior,0,6,1083,-0.008630801139581196,-9.347157634166436,0.0498581875826238,0.8789620666729282,0.3931372549019608,0.9418282548476454,10.0,2002-03-04,2002-09-30,2002-10-14,2007-04-19
baseline_fixed,1,6,1917,-0.0015367563362692598,-2.9459618966281713,-0.04640898588832107,-1.1085559000867578,0.4709531866892273,0.9248826291079812,10.0,2002-03-04,2007-04-11,2007-04-20,2011-03-22
threshold_optimized,1,6,1917,-0.00022263706370451923,-0.42679525112156336,-0.04640898588832107,-1.1085559000867578,0.49562841530054647,0.9546165884194053,10.0,2002-03-04,2007-04-11,2007-04-20,2011-03-22
ridge_linear,1,6,1917,0.0006023527336826875,1.154710190469712,-0.02291957347079838,-0.5851045433550788,0.5081845238095238,0.701095461658842,10.0,2002-03-04,2007-04-11,2007-04-20,2011-03-22
isotonic_calibrated,1,6,1917,0.0001563836474746202,0.29978745220884695,-0.04967882912330877,-1.1934831269208703,0.4986958789775691,1.0,10.0,2002-03-04,2007-04-11,2007-04-20,2011-03-22
topsis_category,1,6,1917,0.00010607620123836754,0.2033480777739506,-0.021855455004886868,-0.562354764548559,0.49818181818181817,0.7172665623369848,10.0,2002-03-04,2007-04-11,2007-04-20,2011-03-22
topsis_action,1,6,1917,-0.0010803380949929472,-2.07100812810148,-0.046956644411785375,-1.1327103082759191,0.4636118598382749,0.5805946791862285,10.0,2002-03-04,2007-04-11,2007-04-20,2011-03-22
ahp_topsis_prior,1,6,1917,-0.00028899495538597567,-0.5540033294749154,-0.025433692170465358,-0.6426098118162653,0.49413020277481323,0.9775691184141888,10.0,2002-03-04,2007-04-11,2007-04-20,2011-03-22
baseline_fixed,2,6,975,0.0013035403989995063,1.2709518890245186,0.11519595701150002,1.9703215144879527,0.5533175355450237,0.8656410256410256,10.0,2002-03-04,2011-03-14,2011-03-23,2018-06-14
threshold_optimized,2,6,975,-0.0007949517720697185,-0.7750779777679755,0.11519595701150002,1.9703215144879527,0.48613138686131385,0.7025641025641025,10.0,2002-03-04,2011-03-14,2011-03-23,2018-06-14
ridge_linear,2,6,975,-0.0007663570830827481,-0.7471981560056794,0.10442117881473649,1.9140390908235252,0.48899188876013905,0.8851282051282051,10.0,2002-03-04,2011-03-14,2011-03-23,2018-06-14
isotonic_calibrated,2,6,975,-0.0022462835613333036,-2.190126472299971,-0.08645531102072435,-1.625223529897607,0.4646153846153846,1.0,10.0,2002-03-04,2011-03-14,2011-03-23,2018-06-14
topsis_category,2,6,975,0.00026810374479525683,0.26140115117537543,0.032475925263927785,0.6088276665545933,0.5110876451953538,0.9712820512820513,10.0,2002-03-04,2011-03-14,2011-03-23,2018-06-14
topsis_action,2,6,975,0.0013434170309997904,1.3098316052247956,0.13237093685888268,2.242407772246627,0.5589225589225589,0.6092307692307692,10.0,2002-03-04,2011-03-14,2011-03-23,2018-06-14
ahp_topsis_prior,2,6,975,0.00026810374479525683,0.26140115117537543,0.03123441402018968,0.5852738282224023,0.5110876451953538,0.9712820512820513,10.0,2002-03-04,2011-03-14,2011-03-23,2018-06-14
baseline_fixed,3,6,1897,0.001248466638139598,2.3683412125508174,0.059774464940091,1.4996212242926863,0.5181462869905081,0.9441222983658408,10.0,2002-03-04,2018-06-06,2018-06-18,2022-05-27
threshold_optimized,3,6,1897,-0.0008715395456351842,-1.6533105180699446,0.059774464940091,1.4996212242926863,0.5125628140703518,0.8392198207696363,10.0,2002-03-04,2018-06-06,2018-06-18,2022-05-27
ridge_linear,3,6,1897,-0.0018214799127536372,-3.45534739449365,0.005333294688399132,0.13923588497886416,0.504930966469428,0.8017923036373221,10.0,2002-03-04,2018-06-06,2018-06-18,2022-05-27
isotonic_calibrated,3,6,1897,-0.0008715395456351842,-1.6533105180699446,0.055050456596905224,1.4434356977225826,0.5125628140703518,0.8392198207696363,10.0,2002-03-04,2018-06-06,2018-06-18,2022-05-27
topsis_category,3,6,1897,-0.001742533599579026,-3.3055862384014123,0.04250939417638584,1.0470401044525957,0.5040369088811996,0.9140748550342647,10.0,2002-03-04,2018-06-06,2018-06-18,2022-05-27
topsis_action,3,6,1897,0.0006303206195458976,1.1957182152785677,0.05073196986555949,1.3021530936899242,0.5246853823814134,0.5445440168687401,10.0,2002-03-04,2018-06-06,2018-06-18,2022-05-27
ahp_topsis_prior,3,6,1897,-0.0016894947294640939,-3.204971501793386,0.03672968186286568,0.9126464102709901,0.5040462427745664,0.9119662625197681,10.0,2002-03-04,2018-06-06,2018-06-18,2022-05-27
baseline_fixed,4,6,11745,0.0033862735963081274,39.77178338863896,0.038549901594347125,2.778527457349304,0.4946586158848119,0.9165602383993189,10.0,2002-03-04,2022-05-19,2022-05-30,2026-04-28
threshold_optimized,4,6,11745,0.005027067886270374,59.042912324245535,0.038549901594347125,2.778527457349304,0.5025882352941177,0.5427841634738186,10.0,2002-03-04,2022-05-19,2022-05-30,2026-04-28
ridge_linear,4,6,11745,0.0037610805854761398,44.17389147641726,0.020378611633929976,1.6457014802085244,0.49183698149715804,0.7040442741592167,10.0,2002-03-04,2022-05-19,2022-05-30,2026-04-28
isotonic_calibrated,4,6,11745,0.005027067886270374,59.042912324245535,0.03534635553889162,2.5785540957179744,0.5025882352941177,0.5427841634738186,10.0,2002-03-04,2022-05-19,2022-05-30,2026-04-28
topsis_category,4,6,11745,0.003623042110978251,42.552629593439555,0.019045266309135438,1.3616058317378024,0.4843872999212805,0.6489570029799915,10.0,2002-03-04,2022-05-19,2022-05-30,2026-04-28
topsis_action,4,6,11745,0.003966721266233606,46.589141271913704,0.03181256289936248,2.3698406625623347,0.49712643678160917,0.5037037037037037,10.0,2002-03-04,2022-05-19,2022-05-30,2026-04-28
ahp_topsis_prior,4,6,11745,0.0013893003670645333,16.317332811172943,0.022999404905579304,1.6449256684254911,0.48356164383561645,0.9944657300979141,10.0,2002-03-04,2022-05-19,2022-05-30,2026-04-28
baseline_fixed,0,10,1085,0.00648266997776403,7.033696925873973,-0.054292278723152884,-0.8288645460680284,0.5157790927021696,0.9345622119815669,10.0,2002-03-04,2002-09-30,2002-10-18,2007-04-24
threshold_optimized,0,10,1085,0.013645410136267428,14.805269997850159,-0.054292278723152884,-0.8288645460680284,0.5915354330708661,0.936405529953917,10.0,2002-03-04,2002-09-30,2002-10-18,2007-04-24
ridge_linear,0,10,1085,-0.007960889451939164,-8.637565055353992,0.02389609390207142,0.38734132584214437,0.4209039548022599,0.9788018433179724,10.0,2002-03-04,2002-09-30,2002-10-18,2007-04-24
isotonic_calibrated,0,10,1085,-0.018030681024102605,-19.563288911151325,,,0.3511520737327189,1.0,10.0,2002-03-04,2002-09-30,2002-10-18,2007-04-24
topsis_category,0,10,1085,-0.008176180026525672,-8.871155328780354,0.027876549485443457,0.4575044343862348,0.4221198156682028,1.0,10.0,2002-03-04,2002-09-30,2002-10-18,2007-04-24
topsis_action,0,10,1085,0.0026880182712539233,2.916499824310507,-0.02779138304984852,-0.4320656599483623,0.5174537987679672,0.4488479262672811,10.0,2002-03-04,2002-09-30,2002-10-18,2007-04-24
ahp_topsis_prior,0,10,1085,-0.007758880232254785,-8.418385051996442,0.022484277730774743,0.3628580445904385,0.42764976958525347,1.0,10.0,2002-03-04,2002-09-30,2002-10-18,2007-04-24
baseline_fixed,1,10,1913,-0.0013643597191638909,-2.6100201427605234,-0.04075473555704829,-0.8439421987916643,0.48501978518937255,0.9247255619445897,10.0,2002-03-04,2007-04-10,2007-04-25,2011-03-24
threshold_optimized,1,10,1913,0.0005277105678520857,1.00951031630104,-0.04075473555704829,-0.8439421987916643,0.5109529025191676,0.9545216936748563,10.0,2002-03-04,2007-04-10,2007-04-25,2011-03-24
ridge_linear,1,10,1913,0.0012805456673987455,2.4496838617338,-0.0071990376638303875,-0.1636187330489045,0.5152354570637119,0.7548353371667538,10.0,2002-03-04,2007-04-10,2007-04-25,2011-03-24
isotonic_calibrated,1,10,1913,2.6708829062176076e-07,0.0005109398999594283,-0.02919586433971736,-0.6072795778195195,0.509147935180345,1.0,10.0,2002-03-04,2007-04-10,2007-04-25,2011-03-24
topsis_category,1,10,1913,0.0004324868730800261,0.8273473882020899,-0.04492299898160172,-0.9560851770680955,0.5091012514220705,0.9189754312598014,10.0,2002-03-04,2007-04-10,2007-04-25,2011-03-24
topsis_action,1,10,1913,-0.0010643751618076359,-2.0361496845380076,-0.05445685167895719,-1.1449159399901365,0.46846846846846846,0.5802404600104548,10.0,2002-03-04,2007-04-10,2007-04-25,2011-03-24
ahp_topsis_prior,1,10,1913,-0.0007546433412554558,-1.443632711821687,-0.04375429858314529,-0.9300829370939213,0.498170412963931,1.0,10.0,2002-03-04,2007-04-10,2007-04-25,2011-03-24
baseline_fixed,2,10,974,0.0029777685546325213,2.900346572212076,0.16123226104439853,2.3071670447044075,0.5539739027283511,0.8655030800821355,10.0,2002-03-04,2011-03-10,2011-03-25,2018-06-18
threshold_optimized,2,10,974,-0.0008058402144973119,-0.7848883689203818,0.16123226104439853,2.3071670447044075,0.47144948755490484,0.7012320328542094,10.0,2002-03-04,2011-03-10,2011-03-25,2018-06-18
ridge_linear,2,10,974,-0.003158686935707164,-3.0765610753787778,0.14115461784797,2.140357489128829,0.44432989690721647,0.9958932238193019,10.0,2002-03-04,2011-03-10,2011-03-25,2018-06-18
isotonic_calibrated,2,10,974,-0.002375311519919315,-2.3135534204014125,0.10757416737613366,1.5512607358635127,0.4486652977412731,1.0,10.0,2002-03-04,2011-03-10,2011-03-25,2018-06-18
topsis_category,2,10,974,0.0005502032318997817,0.5358979478703874,0.18426213878181583,2.8821125756024255,0.5082135523613963,1.0,10.0,2002-03-04,2011-03-10,2011-03-25,2018-06-18
topsis_action,2,10,974,0.0017327040832140633,1.6876537770504976,0.15670434183040788,2.253602109296124,0.5649241146711635,0.608829568788501,10.0,2002-03-04,2011-03-10,2011-03-25,2018-06-18
ahp_topsis_prior,2,10,974,-0.001974035556474746,-1.9227106320064027,0.1706342377389002,2.5959294643080035,0.4671457905544148,1.0,10.0,2002-03-04,2011-03-10,2011-03-25,2018-06-18
baseline_fixed,3,10,1896,0.0006765427150386456,1.282724987713272,0.04448510517183492,0.9695548659573966,0.5173184357541899,0.9440928270042194,10.0,2002-03-04,2018-06-01,2018-06-19,2022-05-27
threshold_optimized,3,10,1896,-0.0007528976194700052,-1.4274938865151299,0.04448510517183492,0.9695548659573966,0.5319418089816572,0.8338607594936709,10.0,2002-03-04,2018-06-01,2018-06-19,2022-05-27
ridge_linear,3,10,1896,-0.0014878765436753224,-2.821013926808411,0.006401332194237281,0.15157983710637,0.5259562841530054,0.7721518987341772,10.0,2002-03-04,2018-06-01,2018-06-19,2022-05-27
isotonic_calibrated,3,10,1896,-0.0007528976194700052,-1.4274938865151299,0.042746107203375516,0.9906673312928014,0.5319418089816572,0.8338607594936709,10.0,2002-03-04,2018-06-01,2018-06-19,2022-05-27
topsis_category,3,10,1896,-0.002205305583095406,-4.1812593855488895,0.03467069582119559,0.7363843852874667,0.5092794759825328,0.9662447257383966,10.0,2002-03-04,2018-06-01,2018-06-19,2022-05-27
topsis_action,3,10,1896,0.00023640031248831203,0.4482149924778396,0.042551052743834035,0.9378901073336703,0.5281007751937985,0.5443037974683544,10.0,2002-03-04,2018-06-01,2018-06-19,2022-05-27
ahp_topsis_prior,3,10,1896,-0.002205305583095406,-4.1812593855488895,0.029578197988687608,0.6339110171893451,0.5092794759825328,0.9662447257383966,10.0,2002-03-04,2018-06-01,2018-06-19,2022-05-27
baseline_fixed,4,10,11727,0.006712945862935596,78.72271613464574,0.05868251900674357,4.193248248676799,0.5038601060366478,0.9167732582928285,10.0,2002-03-04,2022-05-13,2022-05-30,2026-04-27
threshold_optimized,4,10,11727,0.011067284269923568,129.7860426333937,0.05868251900674357,4.193248248676799,0.5113335295849278,0.8690202097723203,10.0,2002-03-04,2022-05-13,2022-05-30,2026-04-27
ridge_linear,4,10,11727,0.008240585368079048,96.63734461146299,0.061326230432061785,5.046227900665954,0.51630615640599,0.5124925385861687,10.0,2002-03-04,2022-05-13,2022-05-30,2026-04-27
isotonic_calibrated,4,10,11727,0.011067284269923568,129.7860426333937,0.04336084313979832,3.2075054965166356,0.5113335295849278,0.8690202097723203,10.0,2002-03-04,2022-05-13,2022-05-30,2026-04-27
topsis_category,4,10,11727,0.007051982275493374,82.69859614471079,0.036379390315499784,2.6004638360118357,0.4953381483913329,0.6493561865779824,10.0,2002-03-04,2022-05-13,2022-05-30,2026-04-27
topsis_action,4,10,11727,0.007366343676865555,86.38511229860237,0.05149155405804218,3.795350754690444,0.5127771196479946,0.5038799351922912,10.0,2002-03-04,2022-05-13,2022-05-30,2026-04-27
ahp_topsis_prior,4,10,11727,0.008323074409840253,97.60469360419665,0.039134013348501584,2.797828696290795,0.5018583042973287,0.734203121002814,10.0,2002-03-04,2022-05-13,2022-05-30,2026-04-27
baseline_fixed,0,15,1086,0.008656556143615945,9.401019971966916,-0.10571710971593988,-1.413374962129079,0.516256157635468,0.934622467771639,10.0,2002-03-04,2002-09-30,2002-10-25,2007-04-27
threshold_optimized,0,15,1086,0.018338545708103945,19.915660639000883,-0.10571710971593988,-1.413374962129079,0.6066863323500492,0.93646408839779,10.0,2002-03-04,2002-09-30,2002-10-25,2007-04-27
ridge_linear,0,15,1086,0.004826719792370211,5.241817694514049,-0.043535931255070014,-0.5778897571266605,0.5174953959484346,1.0,10.0,2002-03-04,2002-09-30,2002-10-25,2007-04-27
isotonic_calibrated,0,15,1086,0.01720579676144713,18.685495282931583,-0.07204643559712114,-0.9645740552218101,0.5920444033302498,0.9953959484346224,10.0,2002-03-04,2002-09-30,2002-10-25,2007-04-27
topsis_category,0,15,1086,0.002053752983069795,2.2303757396137973,-0.013309376186430955,-0.1803714132163894,0.4956689124157844,0.9567219152854513,10.0,2002-03-04,2002-09-30,2002-10-25,2007-04-27
topsis_action,0,15,1086,0.0036799868008394548,3.9964656657116477,-0.053121527006222455,-0.7284676553079956,0.5134575569358178,0.4447513812154696,10.0,2002-03-04,2002-09-30,2002-10-25,2007-04-27
ahp_topsis_prior,0,15,1086,-0.015858014138476102,-17.22180335438505,-0.009275562460649865,-0.1260225716721375,0.40239410681399634,1.0,10.0,2002-03-04,2002-09-30,2002-10-25,2007-04-27
baseline_fixed,1,15,1908,5.6746520212172915e-05,0.10827236056482592,-0.008530927962044825,-0.14545861425338805,0.4988662131519274,0.9245283018867925,10.0,2002-03-04,2007-04-06,2007-04-30,2011-03-25
threshold_optimized,1,15,1908,0.003150611870723504,6.011367449340446,-0.008530927962044825,-0.14545861425338805,0.5337726523887973,0.9544025157232704,10.0,2002-03-04,2007-04-06,2007-04-30,2011-03-25
ridge_linear,1,15,1908,0.003942075250650205,7.521479578240592,0.05327367085407646,1.1189730443070873,0.5424452749599573,0.9816561844863732,10.0,2002-03-04,2007-04-06,2007-04-30,2011-03-25
isotonic_calibrated,1,15,1908,0.0024147996942131818,4.60743781655875,-0.0068550458531010895,-0.12108555149139617,0.5277777777777778,1.0,10.0,2002-03-04,2007-04-06,2007-04-30,2011-03-25
topsis_category,1,15,1908,0.0027492750779911407,5.245616848807097,0.00425122856336252,0.07478156993259477,0.5305429864253394,0.9266247379454927,10.0,2002-03-04,2007-04-06,2007-04-30,2011-03-25
topsis_action,1,15,1908,0.0004663222991516593,0.889742946781366,-0.01957546184687069,-0.3395309467648304,0.49502262443438916,0.5791404612159329,10.0,2002-03-04,2007-04-06,2007-04-30,2011-03-25
ahp_topsis_prior,1,15,1908,0.0027868104541594065,5.317234346536147,0.005111665512184892,0.09163232733562082,0.5305570578691184,0.9690775681341719,10.0,2002-03-04,2007-04-06,2007-04-30,2011-03-25
baseline_fixed,2,15,972,0.003425912527491085,3.3299869767213344,0.16665966834278953,2.1385995711796,0.5648038049940547,0.8652263374485597,10.0,2002-03-04,2011-03-04,2011-03-28,2018-06-14
threshold_optimized,2,15,972,-0.0016117659348788033,-1.5666364887021968,0.16665966834278953,2.1385995711796,0.4662756598240469,0.7016460905349794,10.0,2002-03-04,2011-03-04,2011-03-28,2018-06-14
ridge_linear,2,15,972,-0.004120517616840367,-4.005143123568836,0.11050372262327302,1.6943392897034553,0.44111570247933884,0.9958847736625515,10.0,2002-03-04,2011-03-04,2011-03-28,2018-06-14
isotonic_calibrated,2,15,972,-0.0032003075688601217,-3.1106989569320382,0.1292431868946606,1.6272711382165652,0.44753086419753085,1.0,10.0,2002-03-04,2011-03-04,2011-03-28,2018-06-14
topsis_category,2,15,972,-0.00041184091935942633,-0.4003093736173624,0.2184743436499584,3.092404334871128,0.4907103825136612,0.941358024691358,10.0,2002-03-04,2011-03-04,2011-03-28,2018-06-14
topsis_action,2,15,972,0.0023800384892893904,2.3133974115892872,0.16665839302626337,2.222320173627329,0.5736040609137056,0.6080246913580247,10.0,2002-03-04,2011-03-04,2011-03-28,2018-06-14
ahp_topsis_prior,2,15,972,-0.0005758454967728504,-0.5597218228632106,0.18984784377816522,2.7477736733693563,0.49359886201991465,0.7232510288065843,10.0,2002-03-04,2011-03-04,2011-03-28,2018-06-14
baseline_fixed,3,15,1876,-0.0004174462361259761,-0.7831291389723312,0.04806326715342043,0.8849799992216807,0.5079006772009029,0.9445628997867804,10.0,2002-03-04,2015-02-03,2018-06-18,2022-05-24
threshold_optimized,3,15,1876,-0.0014551631653151403,-2.729886098131203,0.04806326715342043,0.8849799992216807,0.5364154528182394,0.841684434968017,10.0,2002-03-04,2015-02-03,2018-06-18,2022-05-24
ridge_linear,3,15,1876,-0.002691126541944966,-5.048553392688756,0.010849205713343846,0.24737557133442706,0.5241046831955923,0.7739872068230277,10.0,2002-03-04,2015-02-03,2018-06-18,2022-05-24
isotonic_calibrated,3,15,1876,-0.0014551631653151403,-2.729886098131203,0.03572175655712413,0.7132267118352204,0.5364154528182394,0.841684434968017,10.0,2002-03-04,2015-02-03,2018-06-18,2022-05-24
topsis_category,3,15,1876,-0.0037207426600588964,-6.98011323027049,0.04139052468199203,0.7559632654039494,0.5063965884861408,1.0,10.0,2002-03-04,2015-02-03,2018-06-18,2022-05-24
topsis_action,3,15,1876,-0.0005658704537229763,-1.0615729711843036,0.04545633237166858,0.8479555769682019,0.519723865877712,0.5405117270788913,10.0,2002-03-04,2015-02-03,2018-06-18,2022-05-24
ahp_topsis_prior,3,15,1876,-0.0037600714378946704,-7.053894017490402,0.0419790158283332,0.766388016746059,0.5066809192944949,0.9973347547974414,10.0,2002-03-04,2015-02-03,2018-06-18,2022-05-24
baseline_fixed,4,15,11653,0.011949051957185826,139.24230245708642,0.09048872487206655,5.805006330994876,0.5197571228397945,0.9186475585686089,10.0,2002-03-04,2022-04-29,2022-05-25,2026-04-20
threshold_optimized,4,15,11653,0.01703015142495064,198.4523545549498,0.09048872487206655,5.805006330994876,0.5155291790306628,0.8675877456448983,10.0,2002-03-04,2022-04-29,2022-05-25,2026-04-20
ridge_linear,4,15,11653,0.013107914317483033,152.74652554162978,0.07694437631511694,6.536369136151107,0.5427454811919883,0.5269887582596756,10.0,2002-03-04,2022-04-29,2022-05-25,2026-04-20
isotonic_calibrated,4,15,11653,0.01703015142495064,198.4523545549498,0.07178605478573559,4.730142307825502,0.5155291790306628,0.8675877456448983,10.0,2002-03-04,2022-04-29,2022-05-25,2026-04-20
topsis_category,4,15,11653,0.014568498997371705,169.76671881637247,0.07333971741077698,4.838100840911819,0.5054667028101563,0.9497125203810177,10.0,2002-03-04,2022-04-29,2022-05-25,2026-04-20
topsis_action,4,15,11653,0.0120294691401688,140.17940389038702,0.07886284288809159,5.3598456924367746,0.5271831464492015,0.505105981292371,10.0,2002-03-04,2022-04-29,2022-05-25,2026-04-20
ahp_topsis_prior,4,15,11653,0.014568498997371705,169.76671881637247,0.07301783210152327,4.824544357324565,0.5054667028101563,0.9497125203810177,10.0,2002-03-04,2022-04-29,2022-05-25,2026-04-20
baseline_fixed,0,21,1086,0.012287486661204832,13.344210514068449,-0.11253387169928977,-1.4927875822471037,0.5448275862068965,0.934622467771639,10.0,2002-03-04,2002-09-30,2002-11-15,2007-05-03
threshold_optimized,0,21,1086,0.02511260537113055,27.272289433047778,-0.11253387169928977,-1.4927875822471037,0.640117994100295,0.93646408839779,10.0,2002-03-04,2002-09-30,2002-11-15,2007-05-03
ridge_linear,0,21,1086,-0.029768460705577184,-32.32854832625682,0.035255164465250524,0.5021022545120998,0.33702677746999077,0.9972375690607734,10.0,2002-03-04,2002-09-30,2002-11-15,2007-05-03
isotonic_calibrated,0,21,1086,0.02395331891535888,26.013304342079742,-0.03533564326768924,-0.4548126400006608,0.6187845303867403,1.0,10.0,2002-03-04,2002-09-30,2002-11-15,2007-05-03
topsis_category,0,21,1086,0.0011643302107366808,1.2644626088600353,-0.054812922056104,-0.639521620659877,0.48893166506256014,0.9567219152854513,10.0,2002-03-04,2002-09-30,2002-11-15,2007-05-03
topsis_action,0,21,1086,0.00538111326077591,5.843889001202639,-0.05874972443642988,-0.7714590198965879,0.5230125523012552,0.44014732965009207,10.0,2002-03-04,2002-09-30,2002-11-15,2007-05-03
ahp_topsis_prior,0,21,1086,-0.011532475059518911,-12.524267914637537,-0.051063824734299386,-0.5969977040681599,0.38294314381270905,0.5506445672191529,10.0,2002-03-04,2002-09-30,2002-11-15,2007-05-03
baseline_fixed,1,21,1902,0.0023436812748697175,4.457681784802203,0.019594390615161307,0.2977333679440294,0.5216154721274175,0.9242902208201893,10.0,2002-03-04,2007-04-03,2007-05-04,2011-03-25
threshold_optimized,1,21,1902,0.005698919048749264,10.8393440307211,0.019594390615161307,0.2977333679440294,0.5443526170798898,0.9542586750788643,10.0,2002-03-04,2007-04-03,2007-05-04,2011-03-25
ridge_linear,1,21,1902,0.006452778105621408,12.273183956891918,0.06557825759265128,1.1485007020631262,0.5474183350895679,0.9978969505783386,10.0,2002-03-04,2007-04-03,2007-05-04,2011-03-25
isotonic_calibrated,1,21,1902,0.004382309853916005,8.33515334214824,0.022745794176142118,0.3570606706187612,0.5378548895899053,1.0,10.0,2002-03-04,2007-04-03,2007-05-04,2011-03-25
topsis_category,1,21,1902,0.006598816922345096,12.550949786300372,0.03331676302573376,0.5268006568833857,0.5462962962962963,0.9652996845425867,10.0,2002-03-04,2007-04-03,2007-05-04,2011-03-25
topsis_action,1,21,1902,0.002777350028905306,5.282519754977892,0.01378230808081308,0.21135283733520197,0.5182872435325602,0.5893796004206099,10.0,2002-03-04,2007-04-03,2007-05-04,2011-03-25
ahp_topsis_prior,1,21,1902,0.006592739552594837,12.539390629035381,0.035846142153437864,0.5650552137520458,0.5623678646934461,0.7460567823343849,10.0,2002-03-04,2007-04-03,2007-05-04,2011-03-25
baseline_fixed,2,21,969,0.0035458387131035375,3.4359177129973277,0.14182058684432963,1.6509439525889715,0.5596658711217184,0.8648090815273478,10.0,2002-03-04,2011-02-24,2011-03-28,2018-06-11
threshold_optimized,2,21,969,-0.0023025949641308076,-2.2312145202427525,0.14182058684432963,1.6509439525889715,0.46774193548387094,0.7038183694530443,10.0,2002-03-04,2011-02-24,2011-03-28,2018-06-11
ridge_linear,2,21,969,-0.004526240472807664,-4.3859270181506265,0.07456939784803167,1.0756178522639357,0.4499484004127967,1.0,10.0,2002-03-04,2011-02-24,2011-03-28,2018-06-11
isotonic_calibrated,2,21,969,-0.0031725891852135897,-3.0742389204719682,0.09524941257225497,1.0910165440734578,0.45614035087719296,1.0,10.0,2002-03-04,2011-02-24,2011-03-28,2018-06-11
topsis_category,2,21,969,-0.0012207791151267974,-1.1829349625578667,0.13833512882574836,1.7498004484530394,0.49732620320855614,0.9649122807017544,10.0,2002-03-04,2011-02-24,2011-03-28,2018-06-11
topsis_action,2,21,969,0.001843417739728769,1.7862717897971772,0.13103663558575976,1.5599580790717171,0.5544217687074829,0.6068111455108359,10.0,2002-03-04,2011-02-24,2011-03-28,2018-06-11
ahp_topsis_prior,2,21,969,-0.0016699063039282284,-1.6181392085064532,0.14712153062901984,1.9347242673088658,0.49432404540763675,1.0,10.0,2002-03-04,2011-02-24,2011-03-28,2018-06-11
baseline_fixed,3,21,1842,-0.002131779690438326,-3.9267381897873967,0.04215036857045243,0.6542003764268229,0.5077630822311673,0.9440825190010858,10.0,2002-03-04,2015-01-21,2018-06-12,2022-05-16
threshold_optimized,3,21,1842,-0.0017733196493299392,-3.266454794065748,0.04215036857045243,0.6542003764268229,0.5394990366088632,0.8452768729641694,10.0,2002-03-04,2015-01-21,2018-06-12,2022-05-16
ridge_linear,3,21,1842,-0.0028937235117194697,-5.330238708587263,0.008310567112646269,0.16150180949425924,0.5346740638002774,0.7828447339847991,10.0,2002-03-04,2015-01-21,2018-06-12,2022-05-16
isotonic_calibrated,3,21,1842,-0.0017733196493299392,-3.266454794065748,0.02351360315656444,0.39822955928755255,0.5394990366088632,0.8452768729641694,10.0,2002-03-04,2015-01-21,2018-06-12,2022-05-16
topsis_category,3,21,1842,-0.004204029430638545,-7.7438222112362,0.03927306477926488,0.6008869925883435,0.5149700598802395,0.99728555917481,10.0,2002-03-04,2015-01-21,2018-06-12,2022-05-16
topsis_action,3,21,1842,-0.0013171504362038094,-2.426191103487417,0.04316762864334733,0.6902603970590944,0.5194805194805194,0.5434310532030402,10.0,2002-03-04,2015-01-21,2018-06-12,2022-05-16
ahp_topsis_prior,3,21,1842,-0.004204029430638545,-7.7438222112362,0.03824295848320653,0.5950035480111799,0.5149700598802395,0.99728555917481,10.0,2002-03-04,2015-01-21,2018-06-12,2022-05-16
baseline_fixed,4,21,11510,0.01815908428542463,209.0110601252375,0.11312563541447283,6.217421175461819,0.5358323104522708,0.9201563857515204,10.0,2002-03-04,2022-04-13,2022-05-17,2026-04-07
threshold_optimized,4,21,11510,0.02353723567966726,270.91358267297016,0.11312563541447283,6.217421175461819,0.525777331995988,0.8662033014769766,10.0,2002-03-04,2022-04-13,2022-05-17,2026-04-07
ridge_linear,4,21,11510,0.021174704326776598,243.72084680119866,0.035362130101370716,2.79397606171636,0.516287284144427,0.885490877497828,10.0,2002-03-04,2022-04-13,2022-05-17,2026-04-07
isotonic_calibrated,4,21,11510,0.0237294857764721,273.12638128719385,0.09546249842082488,5.441237552011126,0.5198088618592528,1.0,10.0,2002-03-04,2022-04-13,2022-05-17,2026-04-07
topsis_category,4,21,11510,0.019699515089530092,226.74141868049136,0.08849497637158492,4.975245297020041,0.5152374851285806,0.9493483927019982,10.0,2002-03-04,2022-04-13,2022-05-17,2026-04-07
topsis_action,4,21,11510,0.017034799374108567,196.0705407959896,0.10095131529864451,5.951085848955838,0.5474189675870348,0.5066029539530843,10.0,2002-03-04,2022-04-13,2022-05-17,2026-04-07
ahp_topsis_prior,4,21,11510,0.01946664235007025,224.0610534493086,0.08675312979049277,4.904122379459881,0.5137547152451928,0.9443092962641182,10.0,2002-03-04,2022-04-13,2022-05-17,2026-04-07
