method,fold,fwd_horizon,threshold_strong_sell,threshold_sell,threshold_buy,threshold_strong_buy,metadata
baseline_fixed,0,6,-50.0,-15.0,15.0,50.0,{}
threshold_optimized,0,6,-80.0,-60.0,-58.333333,-50.0,{}
ridge_linear,0,6,-80.0,-50.0,-30.971931,-30.0,"{""feature_means"": {""momentum"": -82.5, ""oscillation"": 0.0, ""tendance"": -99.16666666666667, ""volume"": -2.5}, ""feature_stds"": {""momentum"": 52.698039179207925, ""oscillation"": 1.0, ""tendance"": 9.090593428863096, ""volume"": 95.2737284529861}}"
isotonic_calibrated,0,6,-80.0,-50.0,-30.0,-18.537705,"{""increasing"": false, ""x_thresholds"": [-100.0, -50.0, -25.0, 0.0, 25.0], ""y_thresholds"": [-0.001625004741549271, -0.001625004741549271, -0.004532137276543544, -0.00876594328123294, -0.00876594328123294]}"
topsis_category,0,6,-80.0,-11.896663,0.0,3.914564,"{""criteria"": [[0.0, 0.0, 0.0, 0.0, 0.9916666666666667], [0.10453301485745227, 1.4186427046475474, 0.00038299926734173314, 0.0, 0.9583333333333334], [0.0, 0.0, 0.0, 0.0, 0.0], [0.04126079582710054, 0.26620016181180517, 0.0023481382137558173, 0.0, 0.9083333333333333]], ""criteria_weights"": ""equal""}"
topsis_action,0,6,-50.0,-15.0,15.0,50.0,"{""bucket_action_stats"": {""buy"": {""buy"": {""hit_rate"": 0.2, ""mean_utility"": -0.003620928513837573, ""n"": 5.0}, ""hold"": {""hit_rate"": 0.0, ""mean_utility"": 0.0, ""n"": 5.0}, ""sell"": {""hit_rate"": 0.6, ""mean_utility"": 0.0016209285138375725, ""n"": 5.0}, ""strong_buy"": {""hit_rate"": 0.2, ""mean_utility"": -0.003620928513837573, ""n"": 5.0}, ""strong_sell"": {""hit_rate"": 0.6, ""mean_utility"": 0.0016209285138375725, ""n"": 5.0}}, ""hold"": {""buy"": {""hit_rate"": 0.0, ""mean_utility"": -0.02512848019972136, ""n"": 2.0}, ""hold"": {""hit_rate"": 0.0, ""mean_utility"": 0.0, ""n"": 2.0}, ""sell"": {""hit_rate"": 1.0, ""mean_utility"": 0.023128480199721357, ""n"": 2.0}, ""strong_buy"": {""hit_rate"": 0.0, ""mean_utility"": -0.02512848019972136, ""n"": 2.0}, ""strong_sell"": {""hit_rate"": 1.0, ""mean_utility"": 0.023128480199721357, ""n"": 2.0}}, ""sell"": {""buy"": {""hit_rate"": 0.32075471698113206, ""mean_utility"": -0.0048031737292395455, ""n"": 53.0}, ""hold"": {""hit_rate"": 0.0, ""mean_utility"": 0.0, ""n"": 53.0}, ""sell"": {""hit_rate"": 0.4339622641509434, ""mean_utility"": 0.0028031737292395437, ""n"": 53.0}, ""strong_buy"": {""hit_rate"": 0.32075471698113206, ""mean_utility"": -0.0048031737292395455, ""n"": 53.0}, ""strong_sell"": {""hit_rate"": 0.4339622641509434, ""mean_utility"": 0.0028031737292395437, ""n"": 53.0}}, ""strong_buy"": {""buy"": {""hit_rate"": 0.0, ""mean_utility"": 0.0, ""n"": 0.0}, ""hold"": {""hit_rate"": 0.0, ""mean_utility"": 0.0, ""n"": 0.0}, ""sell"": {""hit_rate"": 0.0, ""mean_utility"": 0.0, ""n"": 0.0}, ""strong_buy"": {""hit_rate"": 0.0, ""mean_utility"": 0.0, ""n"": 0.0}, ""strong_sell"": {""hit_rate"": 0.0, ""mean_utility"": 0.0, ""n"": 0.0}}, ""strong_sell"": {""buy"": {""hit_rate"": 0.3333333333333333, ""mean_utility"": -0.00307511370600152, ""n"": 60.0}, ""hold"": {""hit_rate"": 0.0, ""mean_utility"": 0.0, ""n"": 60.0}, ""sell"": {""hit_rate"": 0.45, ""mean_utility"": 0.001075113706001518, ""n"": 60.0}, ""strong_buy"": {""hit_rate"": 0.3333333333333333, ""mean_utility"": -0.00307511370600152, ""n"": 60.0}, ""strong_sell"": {""hit_rate"": 0.45, ""mean_utility"": 0.001075113706001518, ""n"": 60.0}}}}"
ahp_topsis_prior,0,6,-80.0,24.79646,30.0,50.0,"{""criteria"": [[0.0, 0.0, 0.0, 0.0, 0.9916666666666667], [0.10453301485745227, 1.4186427046475474, 0.00038299926734173314, 0.0, 0.9583333333333334], [0.0, 0.0, 0.0, 0.0, 0.0], [0.04126079582710054, 0.26620016181180517, 0.0023481382137558173, 0.0, 0.9083333333333333]], ""criteria_weights"": [0.45, 0.2, 0.2, 0.1, 0.05]}"
baseline_fixed,1,6,-50.0,-15.0,15.0,50.0,{}
threshold_optimized,1,6,-80.0,-60.0,-50.0,-30.0,{}
ridge_linear,1,6,-80.0,0.0,29.647245,30.0,"{""feature_means"": {""momentum"": 25.56390977443609, ""oscillation"": -8.939014202172096, ""tendance"": 21.219715956558062, ""volume"": 42.35588972431078}, ""feature_stds"": {""momentum"": 95.67831249971016, ""oscillation"": 44.34949436943289, ""tendance"": 94.46246470785576, ""volume"": 83.88318044988024}}"
isotonic_calibrated,1,6,-80.0,17.833427,30.0,50.0,"{""increasing"": true, ""x_thresholds"": [-100.0, -75.0, -66.66666666666667, -50.0, -33.333333333333336, -25.0, 0.0, 33.333333333333336, 50.0, 100.0], ""y_thresholds"": [-0.016106740648549, 0.0016754098274712073, 0.005446392998339115, 0.005446392998339115, 0.007036369564940658, 0.007036369564940658, 0.008284525805803054, 0.008284525805803054, 0.009394772372877131, 0.009394772372877131]}"
topsis_category,1,6,-80.0,-58.959728,-30.0,-15.0,"{""criteria"": [[0.038543447718278515, 0.7513014998231388, 0.004323162485733557, 0.0, 0.9373433583959899], [0.0024253535242032506, 0.045913041327124635, 0.0, 0.0, 0.9807852965747702], [0.05002169391800235, 0.8734301799603581, 0.0010414166298523724, 0.0, 0.2046783625730994], [0.05657145821176205, 1.0362349725762052, 0.007560420306944002, 1.0, 0.8830409356725146]], ""criteria_weights"": ""equal""}"
topsis_action,1,6,-50.0,-15.0,15.0,50.0,"{""bucket_action_stats"": {""buy"": {""buy"": {""hit_rate"": 0.5620437956204379, ""mean_utility"": 0.009307465599045979, ""n"": 411.0}, ""hold"": {""hit_rate"": 0.0, ""mean_utility"": 0.0, ""n"": 411.0}, ""sell"": {""hit_rate"": 0.36253041362530414, ""mean_utility"": -0.011307465599045982, ""n"": 411.0}, ""strong_buy"": {""hit_rate"": 0.5620437956204379, ""mean_utility"": 0.009307465599045979, ""n"": 411.0}, ""strong_sell"": {""hit_rate"": 0.36253041362530414, ""mean_utility"": -0.011307465599045982, ""n"": 411.0}}, ""hold"": {""buy"": {""hit_rate"": 0.5205479452054794, ""mean_utility"": 0.007970520172585042, ""n"": 73.0}, ""hold"": {""hit_rate"": 0.0, ""mean_utility"": 0.0, ""n"": 73.0}, ""sell"": {""hit_rate"": 0.3835616438356164, ""mean_utility"": -0.009970520172585044, ""n"": 73.0}, ""strong_buy"": {""hit_rate"": 0.5205479452054794, ""mean_utility"": 0.007970520172585042, ""n"": 73.0}, ""strong_sell"": {""hit_rate"": 0.3835616438356164, ""mean_utility"": -0.009970520172585044, ""n"": 73.0}}, ""sell"": {""buy"": {""hit_rate"": 0.548936170212766, ""mean_utility"": 0.0053860757159147855, ""n"": 235.0}, ""hold"": {""hit_rate"": 0.0, ""mean_utility"": 0.0, ""n"": 235.0}, ""sell"": {""hit_rate"": 0.3659574468085106, ""mean_utility"": -0.007386075715914787, ""n"": 235.0}, ""strong_buy"": {""hit_rate"": 0.548936170212766, ""mean_utility"": 0.0053860757159147855, ""n"": 235.0}, ""strong_sell"": {""hit_rate"": 0.3659574468085106, ""mean_utility"": -0.007386075715914787, ""n"": 235.0}}, ""strong_buy"": {""buy"": {""hit_rate"": 0.5260115606936416, ""mean_utility"": 0.006553004745589182, ""n"": 346.0}, ""hold"": {""hit_rate"": 0.0, ""mean_utility"": 0.0, ""n"": 346.0}, ""sell"": {""hit_rate"": 0.3872832369942196, ""mean_utility"": -0.008553004745589182, ""n"": 346.0}, ""strong_buy"": {""hit_rate"": 0.5260115606936416, ""mean_utility"": 0.006553004745589182, ""n"": 346.0}, ""strong_sell"": {""hit_rate"": 0.3872832369942196, ""mean_utility"": -0.008553004745589182, ""n"": 346.0}}, ""strong_sell"": {""buy"": {""hit_rate"": 0.48484848484848486, ""mean_utility"": 0.00016710465924666944, ""n"": 132.0}, ""hold"": {""hit_rate"": 0.0, ""mean_utility"": 0.0, ""n"": 132.0}, ""sell"": {""hit_rate"": 0.4166666666666667, ""mean_utility"": -0.002167104659246671, ""n"": 132.0}, ""strong_buy"": {""hit_rate"": 0.48484848484848486, ""mean_utility"": 0.00016710465924666944, ""n"": 132.0}, ""strong_sell"": {""hit_rate"": 0.4166666666666667, ""mean_utility"": -0.002167104659246671, ""n"": 132.0}}}}"
ahp_topsis_prior,1,6,-80.0,-67.999139,-30.0,-23.772758,"{""criteria"": [[0.038543447718278515, 0.7513014998231388, 0.004323162485733557, 0.0, 0.9373433583959899], [0.0024253535242032506, 0.045913041327124635, 0.0, 0.0, 0.9807852965747702], [0.05002169391800235, 0.8734301799603581, 0.0010414166298523724, 0.0, 0.2046783625730994], [0.05657145821176205, 1.0362349725762052, 0.007560420306944002, 1.0, 0.8830409356725146]], ""criteria_weights"": [0.45, 0.2, 0.2, 0.1, 0.05]}"
baseline_fixed,2,6,-50.0,-15.0,15.0,50.0,{}
threshold_optimized,2,6,-80.0,-75.0,-60.0,-50.0,{}
ridge_linear,2,6,-80.0,30.0,53.153293,56.039678,"{""feature_means"": {""momentum"": 13.044871794871796, ""oscillation"": -9.134615384615385, ""tendance"": 14.038461538461538, ""volume"": 22.275641025641026}, ""feature_stds"": {""momentum"": 98.0238617567249, ""oscillation"": 38.85238113325702, ""tendance"": 95.1805224509899, ""volume"": 90.86804138475698}}"
isotonic_calibrated,2,6,-50.0,-15.0,15.0,50.0,"{""increasing"": false, ""x_thresholds"": [-100.0, 50.0, 66.66666666666667, 75.0, 100.0], ""y_thresholds"": [0.004723233415121072, 0.004723233415121072, 0.00401065605833368, 0.00401065605833368, -0.020576826628268936]}"
topsis_category,2,6,-80.0,-60.0,-42.58329,-30.0,"{""criteria"": [[0.01515866768082326, 0.46919704323101896, 0.0018188815043000787, 0.0, 0.9256410256410257], [0.025616120965260405, 0.7527521631527506, 0.0, 1.0, 0.9778846153846154], [0.0062895843324359, 0.18223461703599708, 0.0001805532694359839, 0.0, 0.15929487179487178], [0.006761342758109602, 0.19983451455402376, 0.0019093422743939443, 0.0, 0.8753205128205128]], ""criteria_weights"": ""equal""}"
topsis_action,2,6,-50.0,-15.0,15.0,50.0,"{""bucket_action_stats"": {""buy"": {""buy"": {""hit_rate"": 0.5190918472652218, ""mean_utility"": 0.00526979324914487, ""n"": 969.0}, ""hold"": {""hit_rate"": 0.0, ""mean_utility"": 0.0, ""n"": 969.0}, ""sell"": {""hit_rate"": 0.41279669762641896, ""mean_utility"": -0.0072697932491448715, ""n"": 969.0}, ""strong_buy"": {""hit_rate"": 0.5190918472652218, ""mean_utility"": 0.00526979324914487, ""n"": 969.0}, ""strong_sell"": {""hit_rate"": 0.41279669762641896, ""mean_utility"": -0.0072697932491448715, ""n"": 969.0}}, ""hold"": {""buy"": {""hit_rate"": 0.5207373271889401, ""mean_utility"": 0.0035874874619771036, ""n"": 217.0}, ""hold"": {""hit_rate"": 0.0, ""mean_utility"": 0.0, ""n"": 217.0}, ""sell"": {""hit_rate"": 0.39631336405529954, ""mean_utility"": -0.005587487461977105, ""n"": 217.0}, ""strong_buy"": {""hit_rate"": 0.5207373271889401, ""mean_utility"": 0.0035874874619771036, ""n"": 217.0}, ""strong_sell"": {""hit_rate"": 0.39631336405529954, ""mean_utility"": -0.005587487461977105, ""n"": 217.0}}, ""sell"": {""buy"": {""hit_rate"": 0.5337954939341422, ""mean_utility"": 0.003999115098391109, ""n"": 577.0}, ""hold"": {""hit_rate"": 0.0, ""mean_utility"": 0.0, ""n"": 577.0}, ""sell"": {""hit_rate"": 0.3951473136915078, ""mean_utility"": -0.005999115098391111, ""n"": 577.0}, ""strong_buy"": {""hit_rate"": 0.5337954939341422, ""mean_utility"": 0.003999115098391109, ""n"": 577.0}, ""strong_sell"": {""hit_rate"": 0.3951473136915078, ""mean_utility"": -0.005999115098391111, ""n"": 577.0}}, ""strong_buy"": {""buy"": {""hit_rate"": 0.4890038809831824, ""mean_utility"": 0.002279075072833209, ""n"": 773.0}, ""hold"": {""hit_rate"": 0.0, ""mean_utility"": 0.0, ""n"": 773.0}, ""sell"": {""hit_rate"": 0.4372574385510996, ""mean_utility"": -0.00427907507283321, ""n"": 773.0}, ""strong_buy"": {""hit_rate"": 0.4890038809831824, ""mean_utility"": 0.002279075072833209, ""n"": 773.0}, ""strong_sell"": {""hit_rate"": 0.4372574385510996, ""mean_utility"": -0.00427907507283321, ""n"": 773.0}}, ""strong_sell"": {""buy"": {""hit_rate"": 0.5188356164383562, ""mean_utility"": 0.0009349742737107447, ""n"": 584.0}, ""hold"": {""hit_rate"": 0.0, ""mean_utility"": 0.0, ""n"": 584.0}, ""sell"": {""hit_rate"": 0.4366438356164384, ""mean_utility"": -0.0029349742737107463, ""n"": 584.0}, ""strong_buy"": {""hit_rate"": 0.5188356164383562, ""mean_utility"": 0.0009349742737107447, ""n"": 584.0}, ""strong_sell"": {""hit_rate"": 0.4366438356164384, ""mean_utility"": -0.0029349742737107463, ""n"": 584.0}}}}"
ahp_topsis_prior,2,6,-80.0,-60.0,-50.0,-44.344018,"{""criteria"": [[0.01515866768082326, 0.46919704323101896, 0.0018188815043000787, 0.0, 0.9256410256410257], [0.025616120965260405, 0.7527521631527506, 0.0, 1.0, 0.9778846153846154], [0.0062895843324359, 0.18223461703599708, 0.0001805532694359839, 0.0, 0.15929487179487178], [0.006761342758109602, 0.19983451455402376, 0.0019093422743939443, 0.0, 0.8753205128205128]], ""criteria_weights"": [0.45, 0.2, 0.2, 0.1, 0.05]}"
baseline_fixed,3,6,-50.0,-15.0,15.0,50.0,{}
threshold_optimized,3,6,-80.0,-75.0,-66.666667,-60.0,{}
ridge_linear,3,6,-80.0,0.0,30.0,43.217728,"{""feature_means"": {""momentum"": 8.962148962148962, ""oscillation"": -7.301587301587301, ""tendance"": 10.695970695970695, ""volume"": 17.02075702075702}, ""feature_stds"": {""momentum"": 98.611965250775, ""oscillation"": 35.12295701976964, ""tendance"": 95.22355482127371, ""volume"": 90.37116955697104}}"
isotonic_calibrated,3,6,-80.0,-60.0,30.0,50.0,"{""increasing"": true, ""x_thresholds"": [-100.0, -75.0, -66.66666666666667, 0.0, 25.0, 100.0], ""y_thresholds"": [-0.02017628720603509, 0.0008511324187152776, 0.0024385771519765927, 0.0024385771519765927, 0.004433204615360938, 0.004433204615360938]}"
topsis_category,3,6,-88.052406,-80.0,-13.079271,0.0,"{""criteria"": [[0.035668329562561406, 1.2220620228389576, 0.002667536730703844, 1.0, 0.9181929181929182], [0.0023932735644014956, 0.07940061730511441, 0.0012820679775170595, 0.0, 0.9804639804639804], [0.0227700826086116, 0.7378268556802658, 0.00030349315073619973, 0.0, 0.12869352869352868], [0.039129691913618175, 1.280217482238812, 0.0028289113972274783, 1.0, 0.8456654456654457]], ""criteria_weights"": ""equal""}"
topsis_action,3,6,-50.0,-15.0,15.0,50.0,"{""bucket_action_stats"": {""buy"": {""buy"": {""hit_rate"": 0.5234375, ""mean_utility"": 0.004692786041881229, ""n"": 1152.0}, ""hold"": {""hit_rate"": 0.0, ""mean_utility"": 0.0, ""n"": 1152.0}, ""sell"": {""hit_rate"": 0.4157986111111111, ""mean_utility"": -0.006692786041881231, ""n"": 1152.0}, ""strong_buy"": {""hit_rate"": 0.5234375, ""mean_utility"": 0.004692786041881229, ""n"": 1152.0}, ""strong_sell"": {""hit_rate"": 0.4157986111111111, ""mean_utility"": -0.006692786041881231, ""n"": 1152.0}}, ""hold"": {""buy"": {""hit_rate"": 0.46551724137931033, ""mean_utility"": -0.0009838852932105406, ""n"": 348.0}, ""hold"": {""hit_rate"": 0.0, ""mean_utility"": 0.0, ""n"": 348.0}, ""sell"": {""hit_rate"": 0.46551724137931033, ""mean_utility"": -0.0010161147067894612, ""n"": 348.0}, ""strong_buy"": {""hit_rate"": 0.46551724137931033, ""mean_utility"": -0.0009838852932105406, ""n"": 348.0}, ""strong_sell"": {""hit_rate"": 0.46551724137931033, ""mean_utility"": -0.0010161147067894612, ""n"": 348.0}}, ""sell"": {""buy"": {""hit_rate"": 0.5091678420310296, ""mean_utility"": 0.002599191490606929, ""n"": 709.0}, ""hold"": {""hit_rate"": 0.0, ""mean_utility"": 0.0, ""n"": 709.0}, ""sell"": {""hit_rate"": 0.4231311706629055, ""mean_utility"": -0.004599191490606929, ""n"": 709.0}, ""strong_buy"": {""hit_rate"": 0.5091678420310296, ""mean_utility"": 0.002599191490606929, ""n"": 709.0}, ""strong_sell"": {""hit_rate"": 0.4231311706629055, ""mean_utility"": -0.004599191490606929, ""n"": 709.0}}, ""strong_buy"": {""buy"": {""hit_rate"": 0.4871287128712871, ""mean_utility"": 0.001996533522933822, ""n"": 1010.0}, ""hold"": {""hit_rate"": 0.0, ""mean_utility"": 0.0, ""n"": 1010.0}, ""sell"": {""hit_rate"": 0.43465346534653465, ""mean_utility"": -0.003996533522933825, ""n"": 1010.0}, ""strong_buy"": {""hit_rate"": 0.4871287128712871, ""mean_utility"": 0.001996533522933822, ""n"": 1010.0}, ""strong_sell"": {""hit_rate"": 0.43465346534653465, ""mean_utility"": -0.003996533522933825, ""n"": 1010.0}}, ""strong_sell"": {""buy"": {""hit_rate"": 0.4874429223744292, ""mean_utility"": -0.0005950519042246625, ""n"": 876.0}, ""hold"": {""hit_rate"": 0.0, ""mean_utility"": 0.0, ""n"": 876.0}, ""sell"": {""hit_rate"": 0.4714611872146119, ""mean_utility"": -0.001404948095775339, ""n"": 876.0}, ""strong_buy"": {""hit_rate"": 0.4874429223744292, ""mean_utility"": -0.0005950519042246625, ""n"": 876.0}, ""strong_sell"": {""hit_rate"": 0.4714611872146119, ""mean_utility"": -0.001404948095775339, ""n"": 876.0}}}}"
ahp_topsis_prior,3,6,-81.553255,-80.0,-8.510504,0.0,"{""criteria"": [[0.035668329562561406, 1.2220620228389576, 0.002667536730703844, 1.0, 0.9181929181929182], [0.0023932735644014956, 0.07940061730511441, 0.0012820679775170595, 0.0, 0.9804639804639804], [0.0227700826086116, 0.7378268556802658, 0.00030349315073619973, 0.0, 0.12869352869352868], [0.039129691913618175, 1.280217482238812, 0.0028289113972274783, 1.0, 0.8456654456654457]], ""criteria_weights"": [0.45, 0.2, 0.2, 0.1, 0.05]}"
baseline_fixed,4,6,-50.0,-15.0,15.0,50.0,{}
threshold_optimized,4,6,-80.0,-75.0,0.0,15.0,{}
ridge_linear,4,6,-80.0,-30.0,30.0,37.778446,"{""feature_means"": {""momentum"": 8.593487747566298, ""oscillation"": -5.740181268882175, ""tendance"": 11.816045652903659, ""volume"": 21.299093655589125}, ""feature_stds"": {""momentum"": 98.40965463526494, ""oscillation"": 33.19125258515015, ""tendance"": 95.2093066997567, ""volume"": 91.39472159337322}}"
isotonic_calibrated,4,6,-50.0,-15.0,15.0,50.0,"{""increasing"": true, ""x_thresholds"": [-100.0, -75.0, -66.66666666666667, 0.0, 25.0, 33.333333333333336, 100.0], ""y_thresholds"": [-0.022628467861295992, 0.00013560338884453823, 0.000183735333897553, 0.000183735333897553, 0.0028255546312035123, 0.003714719188702904, 0.003714719188702904]}"
topsis_category,4,6,-99.0,-80.0,15.0,25.823386,"{""criteria"": [[0.039978644901251414, 1.6333387012398684, 0.0038247341802592795, 1.0, 0.9204431017119838], [0.027205580397988382, 1.0985537485171766, 0.003153996417677884, 0.0, 0.9758308157099698], [0.00997864755309757, 0.4209713689432613, 0.00017445158332641034, 0.0, 0.11346089291708628], [0.023318163388673246, 0.9625621290738394, 0.0008518462338189684, 1.0, 0.8806646525679759]], ""criteria_weights"": ""equal""}"
topsis_action,4,6,-50.0,-15.0,15.0,50.0,"{""bucket_action_stats"": {""buy"": {""buy"": {""hit_rate"": 0.5163883735312307, ""mean_utility"": 0.0029404896270416414, ""n"": 1617.0}, ""hold"": {""hit_rate"": 0.0, ""mean_utility"": 0.0, ""n"": 1617.0}, ""sell"": {""hit_rate"": 0.42547928262213974, ""mean_utility"": -0.004940489627041644, ""n"": 1617.0}, ""strong_buy"": {""hit_rate"": 0.5163883735312307, ""mean_utility"": 0.0029404896270416414, ""n"": 1617.0}, ""strong_sell"": {""hit_rate"": 0.42547928262213974, ""mean_utility"": -0.004940489627041644, ""n"": 1617.0}}, ""hold"": {""buy"": {""hit_rate"": 0.44567627494456763, ""mean_utility"": -0.0017758511238197868, ""n"": 451.0}, ""hold"": {""hit_rate"": 0.0, ""mean_utility"": 0.0, ""n"": 451.0}, ""sell"": {""hit_rate"": 0.48337028824833705, ""mean_utility"": -0.000224148876180215, ""n"": 451.0}, ""strong_buy"": {""hit_rate"": 0.44567627494456763, ""mean_utility"": -0.0017758511238197868, ""n"": 451.0}, ""strong_sell"": {""hit_rate"": 0.48337028824833705, ""mean_utility"": -0.000224148876180215, ""n"": 451.0}}, ""sell"": {""buy"": {""hit_rate"": 0.4903581267217631, ""mean_utility"": -0.0006090672861568384, ""n"": 1089.0}, ""hold"": {""hit_rate"": 0.0, ""mean_utility"": 0.0, ""n"": 1089.0}, ""sell"": {""hit_rate"": 0.4490358126721763, ""mean_utility"": -0.0013909327138431633, ""n"": 1089.0}, ""strong_buy"": {""hit_rate"": 0.4903581267217631, ""mean_utility"": -0.0006090672861568384, ""n"": 1089.0}, ""strong_sell"": {""hit_rate"": 0.4490358126721763, ""mean_utility"": -0.0013909327138431633, ""n"": 1089.0}}, ""strong_buy"": {""buy"": {""hit_rate"": 0.5078369905956113, ""mean_utility"": 0.0019880140171413467, ""n"": 1595.0}, ""hold"": {""hit_rate"": 0.0, ""mean_utility"": 0.0, ""n"": 1595.0}, ""sell"": {""hit_rate"": 0.42821316614420063, ""mean_utility"": -0.003988014017141348, ""n"": 1595.0}, ""strong_buy"": {""hit_rate"": 0.5078369905956113, ""mean_utility"": 0.0019880140171413467, ""n"": 1595.0}, ""strong_sell"": {""hit_rate"": 0.42821316614420063, ""mean_utility"": -0.003988014017141348, ""n"": 1595.0}}, ""strong_sell"": {""buy"": {""hit_rate"": 0.48175787728026537, ""mean_utility"": -0.0016147570667387145, ""n"": 1206.0}, ""hold"": {""hit_rate"": 0.0, ""mean_utility"": 0.0, ""n"": 1206.0}, ""sell"": {""hit_rate"": 0.472636815920398, ""mean_utility"": -0.00038524293326128726, ""n"": 1206.0}, ""strong_buy"": {""hit_rate"": 0.48175787728026537, ""mean_utility"": -0.0016147570667387145, ""n"": 1206.0}, ""strong_sell"": {""hit_rate"": 0.472636815920398, ""mean_utility"": -0.00038524293326128726, ""n"": 1206.0}}}}"
ahp_topsis_prior,4,6,-99.0,15.0,29.183013,30.0,"{""criteria"": [[0.039978644901251414, 1.6333387012398684, 0.0038247341802592795, 1.0, 0.9204431017119838], [0.027205580397988382, 1.0985537485171766, 0.003153996417677884, 0.0, 0.9758308157099698], [0.00997864755309757, 0.4209713689432613, 0.00017445158332641034, 0.0, 0.11346089291708628], [0.023318163388673246, 0.9625621290738394, 0.0008518462338189684, 1.0, 0.8806646525679759]], ""criteria_weights"": [0.45, 0.2, 0.2, 0.1, 0.05]}"
baseline_fixed,0,10,-50.0,-15.0,15.0,50.0,{}
threshold_optimized,0,10,-80.0,-60.0,-50.0,-30.0,{}
ridge_linear,0,10,-80.0,-19.256111,-16.81273,-15.0,"{""feature_means"": {""momentum"": -82.5, ""oscillation"": 0.0, ""tendance"": -99.16666666666667, ""volume"": -2.5}, ""feature_stds"": {""momentum"": 52.698039179207925, ""oscillation"": 1.0, ""tendance"": 9.090593428863096, ""volume"": 95.2737284529861}}"
isotonic_calibrated,0,10,-50.0,-15.0,15.0,50.0,"{""increasing"": false, ""x_thresholds"": [-100.0, 0.0, 25.0], ""y_thresholds"": [-0.003998421603215818, -0.003998421603215818, -0.03537029820863609]}"
topsis_category,0,10,-80.0,50.0,60.0,65.616839,"{""criteria"": [[0.0, 0.0, 0.0, 0.0, 0.9916666666666667], [0.22852273985434643, 1.2377299940283826, 0.001380068391416204, 0.0, 0.9583333333333334], [0.0, 0.0, 0.0, 0.0, 0.0], [0.015033627657246439, 0.08600094203859841, 0.0, 0.0, 0.9083333333333333]], ""criteria_weights"": ""equal""}"
topsis_action,0,10,-50.0,-15.0,15.0,50.0,"{""bucket_action_stats"": {""buy"": {""buy"": {""hit_rate"": 0.0, ""mean_utility"": -0.03637029820863609, ""n"": 5.0}, ""hold"": {""hit_rate"": 0.0, ""mean_utility"": 0.0, ""n"": 5.0}, ""sell"": {""hit_rate"": 1.0, ""mean_utility"": 0.03437029820863609, ""n"": 5.0}, ""strong_buy"": {""hit_rate"": 0.0, ""mean_utility"": -0.03637029820863609, ""n"": 5.0}, ""strong_sell"": {""hit_rate"": 1.0, ""mean_utility"": 0.03437029820863609, ""n"": 5.0}}, ""hold"": {""buy"": {""hit_rate"": 0.5, ""mean_utility"": -0.001728150948857531, ""n"": 2.0}, ""hold"": {""hit_rate"": 0.0, ""mean_utility"": 0.0, ""n"": 2.0}, ""sell"": {""hit_rate"": 0.5, ""mean_utility"": -0.00027184905114246895, ""n"": 2.0}, ""strong_buy"": {""hit_rate"": 0.5, ""mean_utility"": -0.001728150948857531, ""n"": 2.0}, ""strong_sell"": {""hit_rate"": 0.5, ""mean_utility"": -0.00027184905114246895, ""n"": 2.0}}, ""sell"": {""buy"": {""hit_rate"": 0.33962264150943394, ""mean_utility"": -0.004378014622342223, ""n"": 53.0}, ""hold"": {""hit_rate"": 0.0, ""mean_utility"": 0.0, ""n"": 53.0}, ""sell"": {""hit_rate"": 0.49056603773584906, ""mean_utility"": 0.0023780146223422215, ""n"": 53.0}, ""strong_buy"": {""hit_rate"": 0.33962264150943394, ""mean_utility"": -0.004378014622342223, ""n"": 53.0}, ""strong_sell"": {""hit_rate"": 0.49056603773584906, ""mean_utility"": 0.0023780146223422215, ""n"": 53.0}}, ""strong_buy"": {""buy"": {""hit_rate"": 0.0, ""mean_utility"": 0.0, ""n"": 0.0}, ""hold"": {""hit_rate"": 0.0, ""mean_utility"": 0.0, ""n"": 0.0}, ""sell"": {""hit_rate"": 0.0, ""mean_utility"": 0.0, ""n"": 0.0}, ""strong_buy"": {""hit_rate"": 0.0, ""mean_utility"": 0.0, ""n"": 0.0}, ""strong_sell"": {""hit_rate"": 0.0, ""mean_utility"": 0.0, ""n"": 0.0}}, ""strong_sell"": {""buy"": {""hit_rate"": 0.3, ""mean_utility"": -0.005655456791466105, ""n"": 60.0}, ""hold"": {""hit_rate"": 0.0, ""mean_utility"": 0.0, ""n"": 60.0}, ""sell"": {""hit_rate"": 0.5166666666666667, ""mean_utility"": 0.0036554567914661032, ""n"": 60.0}, ""strong_buy"": {""hit_rate"": 0.3, ""mean_utility"": -0.005655456791466105, ""n"": 60.0}, ""strong_sell"": {""hit_rate"": 0.5166666666666667, ""mean_utility"": 0.0036554567914661032, ""n"": 60.0}}}}"
ahp_topsis_prior,0,10,-80.0,76.617021,80.0,90.52105,"{""criteria"": [[0.0, 0.0, 0.0, 0.0, 0.9916666666666667], [0.22852273985434643, 1.2377299940283826, 0.001380068391416204, 0.0, 0.9583333333333334], [0.0, 0.0, 0.0, 0.0, 0.0], [0.015033627657246439, 0.08600094203859841, 0.0, 0.0, 0.9083333333333333]], ""criteria_weights"": [0.45, 0.2, 0.2, 0.1, 0.05]}"
baseline_fixed,1,10,-50.0,-15.0,15.0,50.0,{}
threshold_optimized,1,10,-80.0,-60.0,-50.0,-30.0,{}
ridge_linear,1,10,-80.0,30.0,36.323955,47.76192,"{""feature_means"": {""momentum"": 25.606694560669457, ""oscillation"": -8.95397489539749, ""tendance"": 21.255230125523013, ""volume"": 42.59414225941423}, ""feature_stds"": {""momentum"": 95.665189982719, ""oscillation"": 44.38508238804465, ""tendance"": 94.44892868396947, ""volume"": 83.75076673099758}}"
isotonic_calibrated,1,10,-80.0,30.0,50.0,60.0,"{""increasing"": true, ""x_thresholds"": [-100.0, -75.0, -50.0, -33.333333333333336, 66.66666666666667, 75.0, 100.0], ""y_thresholds"": [-0.02050222931259349, 0.003596042889536208, 0.003596042889536208, 0.015197904472033619, 0.015197904472033619, 0.015405913693985088, 0.015405913693985088]}"
topsis_category,1,10,-96.026633,-80.0,-30.0,-15.0,"{""criteria"": [[0.04848113366140437, 0.7503623815226953, 0.005592829483756796, 0.0, 0.9372384937238494], [0.019792890416155683, 0.3028007188372359, 0.002078414595553673, 0.0, 0.9807531380753138], [0.025953418653255195, 0.3944843570784624, 0.0005274752241639768, 0.0, 0.20502092050209206], [0.06625098397033659, 0.9847438578344779, 0.007783955064675689, 0.0, 0.8828451882845189]], ""criteria_weights"": ""equal""}"
topsis_action,1,10,-50.0,-15.0,15.0,50.0,"{""bucket_action_stats"": {""buy"": {""buy"": {""hit_rate"": 0.5804878048780487, ""mean_utility"": 0.014089472153055784, ""n"": 410.0}, ""hold"": {""hit_rate"": 0.0, ""mean_utility"": 0.0, ""n"": 410.0}, ""sell"": {""hit_rate"": 0.3804878048780488, ""mean_utility"": -0.016089472153055784, ""n"": 410.0}, ""strong_buy"": {""hit_rate"": 0.5804878048780487, ""mean_utility"": 0.014089472153055784, ""n"": 410.0}, ""strong_sell"": {""hit_rate"": 0.3804878048780488, ""mean_utility"": -0.016089472153055784, ""n"": 410.0}}, ""hold"": {""buy"": {""hit_rate"": 0.5068493150684932, ""mean_utility"": 0.00875423606298298, ""n"": 73.0}, ""hold"": {""hit_rate"": 0.0, ""mean_utility"": 0.0, ""n"": 73.0}, ""sell"": {""hit_rate"": 0.4383561643835616, ""mean_utility"": -0.010754236062982982, ""n"": 73.0}, ""strong_buy"": {""hit_rate"": 0.5068493150684932, ""mean_utility"": 0.00875423606298298, ""n"": 73.0}, ""strong_sell"": {""hit_rate"": 0.4383561643835616, ""mean_utility"": -0.010754236062982982, ""n"": 73.0}}, ""sell"": {""buy"": {""hit_rate"": 0.6, ""mean_utility"": 0.012666693309417708, ""n"": 235.0}, ""hold"": {""hit_rate"": 0.0, ""mean_utility"": 0.0, ""n"": 235.0}, ""sell"": {""hit_rate"": 0.33617021276595743, ""mean_utility"": -0.01466669330941771, ""n"": 235.0}, ""strong_buy"": {""hit_rate"": 0.6, ""mean_utility"": 0.012666693309417708, ""n"": 235.0}, ""strong_sell"": {""hit_rate"": 0.33617021276595743, ""mean_utility"": -0.01466669330941771, ""n"": 235.0}}, ""strong_buy"": {""buy"": {""hit_rate"": 0.569364161849711, ""mean_utility"": 0.01343984711038814, ""n"": 346.0}, ""hold"": {""hit_rate"": 0.0, ""mean_utility"": 0.0, ""n"": 346.0}, ""sell"": {""hit_rate"": 0.3699421965317919, ""mean_utility"": -0.01543984711038814, ""n"": 346.0}, ""strong_buy"": {""hit_rate"": 0.569364161849711, ""mean_utility"": 0.01343984711038814, ""n"": 346.0}, ""strong_sell"": {""hit_rate"": 0.3699421965317919, ""mean_utility"": -0.01543984711038814, ""n"": 346.0}}, ""strong_sell"": {""buy"": {""hit_rate"": 0.46564885496183206, ""mean_utility"": 0.0029672157378504986, ""n"": 131.0}, ""hold"": {""hit_rate"": 0.0, ""mean_utility"": 0.0, ""n"": 131.0}, ""sell"": {""hit_rate"": 0.42748091603053434, ""mean_utility"": -0.004967215737850501, ""n"": 131.0}, ""strong_buy"": {""hit_rate"": 0.46564885496183206, ""mean_utility"": 0.0029672157378504986, ""n"": 131.0}, ""strong_sell"": {""hit_rate"": 0.42748091603053434, ""mean_utility"": -0.004967215737850501, ""n"": 131.0}}}}"
ahp_topsis_prior,1,10,-93.954237,-35.71751,-30.0,-15.0,"{""criteria"": [[0.04848113366140437, 0.7503623815226953, 0.005592829483756796, 0.0, 0.9372384937238494], [0.019792890416155683, 0.3028007188372359, 0.002078414595553673, 0.0, 0.9807531380753138], [0.025953418653255195, 0.3944843570784624, 0.0005274752241639768, 0.0, 0.20502092050209206], [0.06625098397033659, 0.9847438578344779, 0.007783955064675689, 0.0, 0.8828451882845189]], ""criteria_weights"": [0.45, 0.2, 0.2, 0.1, 0.05]}"
baseline_fixed,2,10,-50.0,-15.0,15.0,50.0,{}
threshold_optimized,2,10,-80.0,-75.0,-60.0,-50.0,{}
ridge_linear,2,10,-80.0,30.0,50.0,54.800687,"{""feature_means"": {""momentum"": 12.989095574085953, ""oscillation"": -9.140474663245671, ""tendance"": 13.983322642719692, ""volume"": 22.22578576010263}, ""feature_stds"": {""momentum"": 98.03054469803759, ""oscillation"": 38.86415079268958, ""tendance"": 95.18613333065106, ""volume"": 90.87584847150146}}"
isotonic_calibrated,2,10,-50.0,-15.0,15.0,50.0,"{""increasing"": true, ""x_thresholds"": [-100.0, -75.0, -66.66666666666667, -50.0, -33.333333333333336, 100.0], ""y_thresholds"": [-0.011361678025741805, 0.002843086074674944, 0.00292935748649319, 0.00602867255429367, 0.008599480282753372, 0.008599480282753372]}"
topsis_category,2,10,-80.0,-60.0,-50.0,-44.251823,"{""criteria"": [[0.022240462198710332, 0.6086034046310562, 0.0030285343733442204, 1.0, 0.9255933290570879], [0.008689479720047131, 0.21922793649755654, 0.0, 1.0, 0.9778704297626684], [0.021711130909290603, 0.5744033457097771, 0.0004446757976156873, 0.0, 0.159397049390635], [0.01609943485795131, 0.41900515373832314, 0.0020227520524183614, 0.0, 0.8752405388069275]], ""criteria_weights"": ""equal""}"
topsis_action,2,10,-50.0,-15.0,15.0,50.0,"{""bucket_action_stats"": {""buy"": {""buy"": {""hit_rate"": 0.542827657378741, ""mean_utility"": 0.008855275563941565, ""n"": 969.0}, ""hold"": {""hit_rate"": 0.0, ""mean_utility"": 0.0, ""n"": 969.0}, ""sell"": {""hit_rate"": 0.4066047471620227, ""mean_utility"": -0.010855275563941566, ""n"": 969.0}, ""strong_buy"": {""hit_rate"": 0.542827657378741, ""mean_utility"": 0.008855275563941565, ""n"": 969.0}, ""strong_sell"": {""hit_rate"": 0.4066047471620227, ""mean_utility"": -0.010855275563941566, ""n"": 969.0}}, ""hold"": {""buy"": {""hit_rate"": 0.5391705069124424, ""mean_utility"": 0.0073404969374195475, ""n"": 217.0}, ""hold"": {""hit_rate"": 0.0, ""mean_utility"": 0.0, ""n"": 217.0}, ""sell"": {""hit_rate"": 0.4147465437788018, ""mean_utility"": -0.00934049693741955, ""n"": 217.0}, ""strong_buy"": {""hit_rate"": 0.5391705069124424, ""mean_utility"": 0.0073404969374195475, ""n"": 217.0}, ""strong_sell"": {""hit_rate"": 0.4147465437788018, ""mean_utility"": -0.00934049693741955, ""n"": 217.0}}, ""sell"": {""buy"": {""hit_rate"": 0.5667244367417678, ""mean_utility"": 0.007630912728717543, ""n"": 577.0}, ""hold"": {""hit_rate"": 0.0, ""mean_utility"": 0.0, ""n"": 577.0}, ""sell"": {""hit_rate"": 0.39168110918544197, ""mean_utility"": -0.009630912728717547, ""n"": 577.0}, ""strong_buy"": {""hit_rate"": 0.5667244367417678, ""mean_utility"": 0.007630912728717543, ""n"": 577.0}, ""strong_sell"": {""hit_rate"": 0.39168110918544197, ""mean_utility"": -0.009630912728717547, ""n"": 577.0}}, ""strong_buy"": {""buy"": {""hit_rate"": 0.5123216601815823, ""mean_utility"": 0.0055137116011606145, ""n"": 771.0}, ""hold"": {""hit_rate"": 0.0, ""mean_utility"": 0.0, ""n"": 771.0}, ""sell"": {""hit_rate"": 0.4345006485084306, ""mean_utility"": -0.007513711601160617, ""n"": 771.0}, ""strong_buy"": {""hit_rate"": 0.5123216601815823, ""mean_utility"": 0.0055137116011606145, ""n"": 771.0}, ""strong_sell"": {""hit_rate"": 0.4345006485084306, ""mean_utility"": -0.007513711601160617, ""n"": 771.0}}, ""strong_sell"": {""buy"": {""hit_rate"": 0.5017123287671232, ""mean_utility"": 0.0014586416561330263, ""n"": 584.0}, ""hold"": {""hit_rate"": 0.0, ""mean_utility"": 0.0, ""n"": 584.0}, ""sell"": {""hit_rate"": 0.4571917808219178, ""mean_utility"": -0.0034586416561330283, ""n"": 584.0}, ""strong_buy"": {""hit_rate"": 0.5017123287671232, ""mean_utility"": 0.0014586416561330263, ""n"": 584.0}, ""strong_sell"": {""hit_rate"": 0.4571917808219178, ""mean_utility"": -0.0034586416561330283, ""n"": 584.0}}}}"
ahp_topsis_prior,2,10,-80.0,-60.0,-56.939816,-50.0,"{""criteria"": [[0.022240462198710332, 0.6086034046310562, 0.0030285343733442204, 1.0, 0.9255933290570879], [0.008689479720047131, 0.21922793649755654, 0.0, 1.0, 0.9778704297626684], [0.021711130909290603, 0.5744033457097771, 0.0004446757976156873, 0.0, 0.159397049390635], [0.01609943485795131, 0.41900515373832314, 0.0020227520524183614, 0.0, 0.8752405388069275]], ""criteria_weights"": [0.45, 0.2, 0.2, 0.1, 0.05]}"
baseline_fixed,3,10,-50.0,-15.0,15.0,50.0,{}
threshold_optimized,3,10,-80.0,-75.0,-60.0,-50.0,{}
ridge_linear,3,10,-80.0,22.892316,48.511374,50.0,"{""feature_means"": {""momentum"": 9.042033235581624, ""oscillation"": -7.3069403714565, ""tendance"": 10.777126099706745, ""volume"": 17.10654936461388}, ""feature_stds"": {""momentum"": 98.60394623774835, ""oscillation"": 35.13527302137791, ""tendance"": 95.21125446235821, ""volume"": 90.34870746440168}}"
isotonic_calibrated,3,10,-50.0,-15.0,15.0,50.0,"{""increasing"": true, ""x_thresholds"": [-100.0, -75.0, -66.66666666666667, -50.0, 0.0, 25.0, 100.0], ""y_thresholds"": [-0.02053673948397469, 0.0008320092377092748, 0.0008320092377092748, 0.004645814401603306, 0.004645814401603306, 0.0073714950053678585, 0.0073714950053678585]}"
topsis_category,3,10,-99.0,-80.0,-18.032781,-15.0,"{""criteria"": [[0.051869873958896105, 1.5966733289507853, 0.004439989469563404, 1.0, 0.9181329423264907], [0.013705391651673338, 0.397539295690118, 0.002094460474681918, 0.0, 0.9804496578690127], [0.0010930036881127137, 0.033009401544205744, 0.00010530205140809375, 0.0, 0.12878787878787878], [0.054846622093512785, 1.5941814364387477, 0.00402840141652553, 1.0, 0.8455522971652004]], ""criteria_weights"": ""equal""}"
topsis_action,3,10,-50.0,-15.0,15.0,50.0,"{""bucket_action_stats"": {""buy"": {""buy"": {""hit_rate"": 0.5390625, ""mean_utility"": 0.007906698151796343, ""n"": 1152.0}, ""hold"": {""hit_rate"": 0.0, ""mean_utility"": 0.0, ""n"": 1152.0}, ""sell"": {""hit_rate"": 0.4131944444444444, ""mean_utility"": -0.009906698151796347, ""n"": 1152.0}, ""strong_buy"": {""hit_rate"": 0.5390625, ""mean_utility"": 0.007906698151796343, ""n"": 1152.0}, ""strong_sell"": {""hit_rate"": 0.4131944444444444, ""mean_utility"": -0.009906698151796347, ""n"": 1152.0}}, ""hold"": {""buy"": {""hit_rate"": 0.45689655172413796, ""mean_utility"": 0.00089327704103659, ""n"": 348.0}, ""hold"": {""hit_rate"": 0.0, ""mean_utility"": 0.0, ""n"": 348.0}, ""sell"": {""hit_rate"": 0.4885057471264368, ""mean_utility"": -0.0028932770410365904, ""n"": 348.0}, ""strong_buy"": {""hit_rate"": 0.45689655172413796, ""mean_utility"": 0.00089327704103659, ""n"": 348.0}, ""strong_sell"": {""hit_rate"": 0.4885057471264368, ""mean_utility"": -0.0028932770410365904, ""n"": 348.0}}, ""sell"": {""buy"": {""hit_rate"": 0.538787023977433, ""mean_utility"": 0.004996848254180485, ""n"": 709.0}, ""hold"": {""hit_rate"": 0.0, ""mean_utility"": 0.0, ""n"": 709.0}, ""sell"": {""hit_rate"": 0.4217207334273625, ""mean_utility"": -0.006996848254180487, ""n"": 709.0}, ""strong_buy"": {""hit_rate"": 0.538787023977433, ""mean_utility"": 0.004996848254180485, ""n"": 709.0}, ""strong_sell"": {""hit_rate"": 0.4217207334273625, ""mean_utility"": -0.006996848254180487, ""n"": 709.0}}, ""strong_buy"": {""buy"": {""hit_rate"": 0.503960396039604, ""mean_utility"": 0.00462045141657022, ""n"": 1010.0}, ""hold"": {""hit_rate"": 0.0, ""mean_utility"": 0.0, ""n"": 1010.0}, ""sell"": {""hit_rate"": 0.4415841584158416, ""mean_utility"": -0.006620451416570221, ""n"": 1010.0}, ""strong_buy"": {""hit_rate"": 0.503960396039604, ""mean_utility"": 0.00462045141657022, ""n"": 1010.0}, ""strong_sell"": {""hit_rate"": 0.4415841584158416, ""mean_utility"": -0.006620451416570221, ""n"": 1010.0}}, ""strong_sell"": {""buy"": {""hit_rate"": 0.4650630011454754, ""mean_utility"": -0.0007554477718215557, ""n"": 873.0}, ""hold"": {""hit_rate"": 0.0, ""mean_utility"": 0.0, ""n"": 873.0}, ""sell"": {""hit_rate"": 0.5017182130584192, ""mean_utility"": -0.001244552228178446, ""n"": 873.0}, ""strong_buy"": {""hit_rate"": 0.4650630011454754, ""mean_utility"": -0.0007554477718215557, ""n"": 873.0}, ""strong_sell"": {""hit_rate"": 0.5017182130584192, ""mean_utility"": -0.001244552228178446, ""n"": 873.0}}}}"
ahp_topsis_prior,3,10,-99.0,-80.0,-30.0,-15.0,"{""criteria"": [[0.051869873958896105, 1.5966733289507853, 0.004439989469563404, 1.0, 0.9181329423264907], [0.013705391651673338, 0.397539295690118, 0.002094460474681918, 0.0, 0.9804496578690127], [0.0010930036881127137, 0.033009401544205744, 0.00010530205140809375, 0.0, 0.12878787878787878], [0.054846622093512785, 1.5941814364387477, 0.00402840141652553, 1.0, 0.8455522971652004]], ""criteria_weights"": [0.45, 0.2, 0.2, 0.1, 0.05]}"
baseline_fixed,4,10,-50.0,-15.0,15.0,50.0,{}
threshold_optimized,4,10,-80.0,-75.0,-66.666667,-60.0,{}
ridge_linear,4,10,-80.0,-50.0,42.595825,50.0,"{""feature_means"": {""momentum"": 8.931580721267274, ""oscillation"": -5.74654533198517, ""tendance"": 12.268284462419953, ""volume"": 21.368385574654532}, ""feature_stds"": {""momentum"": 98.37457752298896, ""oscillation"": 33.23386609735259, ""tendance"": 95.13518036543637, ""volume"": 91.36135573679397}}"
isotonic_calibrated,4,10,-50.0,-15.0,15.0,50.0,"{""increasing"": true, ""x_thresholds"": [-100.0, -75.0, -66.66666666666667, 0.0, 25.0, 100.0], ""y_thresholds"": [-0.031849258251619765, -5.923626293224723e-06, 0.0017188701918888019, 0.0017188701918888019, 0.00537187873583384, 0.00537187873583384]}"
topsis_category,4,10,-99.0,-80.0,15.0,25.565863,"{""criteria"": [[0.052906359571357815, 1.9503505399643795, 0.005285616997330114, 1.0, 0.9201213346814965], [0.03185839300263098, 1.1358717032647232, 0.003848687053302836, 0.0, 0.9757330637007078], [0.005320884071574301, 0.2063710236905009, 0.0, 0.0, 0.11375126390293225], [0.03224984282559872, 1.170031314769382, 0.0006638736224914236, 1.0, 0.880350522413212]], ""criteria_weights"": ""equal""}"
topsis_action,4,10,-50.0,-15.0,15.0,50.0,"{""bucket_action_stats"": {""buy"": {""buy"": {""hit_rate"": 0.5367965367965368, ""mean_utility"": 0.00555504671365945, ""n"": 1617.0}, ""hold"": {""hit_rate"": 0.0, ""mean_utility"": 0.0, ""n"": 1617.0}, ""sell"": {""hit_rate"": 0.4205318491032777, ""mean_utility"": -0.007555046713659451, ""n"": 1617.0}, ""strong_buy"": {""hit_rate"": 0.5367965367965368, ""mean_utility"": 0.00555504671365945, ""n"": 1617.0}, ""strong_sell"": {""hit_rate"": 0.4205318491032777, ""mean_utility"": -0.007555046713659451, ""n"": 1617.0}}, ""hold"": {""buy"": {""hit_rate"": 0.4501108647450111, ""mean_utility"": -0.0016234899231332472, ""n"": 451.0}, ""hold"": {""hit_rate"": 0.0, ""mean_utility"": 0.0, ""n"": 451.0}, ""sell"": {""hit_rate"": 0.49667405764966743, ""mean_utility"": -0.00037651007686675454, ""n"": 451.0}, ""strong_buy"": {""hit_rate"": 0.4501108647450111, ""mean_utility"": -0.0016234899231332472, ""n"": 451.0}, ""strong_sell"": {""hit_rate"": 0.49667405764966743, ""mean_utility"": -0.00037651007686675454, ""n"": 451.0}}, ""sell"": {""buy"": {""hit_rate"": 0.5232774674115456, ""mean_utility"": 0.0016754583534588086, ""n"": 1074.0}, ""hold"": {""hit_rate"": 0.0, ""mean_utility"": 0.0, ""n"": 1074.0}, ""sell"": {""hit_rate"": 0.4366852886405959, ""mean_utility"": -0.0036754583534588103, ""n"": 1074.0}, ""strong_buy"": {""hit_rate"": 0.5232774674115456, ""mean_utility"": 0.0016754583534588086, ""n"": 1074.0}, ""strong_sell"": {""hit_rate"": 0.4366852886405959, ""mean_utility"": -0.0036754583534588103, ""n"": 1074.0}}, ""strong_buy"": {""buy"": {""hit_rate"": 0.5191222570532915, ""mean_utility"": 0.0031723911996934034, ""n"": 1595.0}, ""hold"": {""hit_rate"": 0.0, ""mean_utility"": 0.0, ""n"": 1595.0}, ""sell"": {""hit_rate"": 0.43448275862068964, ""mean_utility"": -0.005172391199693404, ""n"": 1595.0}, ""strong_buy"": {""hit_rate"": 0.5191222570532915, ""mean_utility"": 0.0031723911996934034, ""n"": 1595.0}, ""strong_sell"": {""hit_rate"": 0.43448275862068964, ""mean_utility"": -0.005172391199693404, ""n"": 1595.0}}, ""strong_sell"": {""buy"": {""hit_rate"": 0.46616541353383456, ""mean_utility"": -0.0021577329566141966, ""n"": 1197.0}, ""hold"": {""hit_rate"": 0.0, ""mean_utility"": 0.0, ""n"": 1197.0}, ""sell"": {""hit_rate"": 0.4979114452798663, ""mean_utility"": 0.00015773295661419555, ""n"": 1197.0}, ""strong_buy"": {""hit_rate"": 0.46616541353383456, ""mean_utility"": -0.0021577329566141966, ""n"": 1197.0}, ""strong_sell"": {""hit_rate"": 0.4979114452798663, ""mean_utility"": 0.00015773295661419555, ""n"": 1197.0}}}}"
ahp_topsis_prior,4,10,-99.0,-80.0,0.0,15.0,"{""criteria"": [[0.052906359571357815, 1.9503505399643795, 0.005285616997330114, 1.0, 0.9201213346814965], [0.03185839300263098, 1.1358717032647232, 0.003848687053302836, 0.0, 0.9757330637007078], [0.005320884071574301, 0.2063710236905009, 0.0, 0.0, 0.11375126390293225], [0.03224984282559872, 1.170031314769382, 0.0006638736224914236, 1.0, 0.880350522413212]], ""criteria_weights"": [0.45, 0.2, 0.2, 0.1, 0.05]}"
baseline_fixed,0,15,-50.0,-15.0,15.0,50.0,{}
threshold_optimized,0,15,-80.0,-60.0,-50.0,-30.0,{}
ridge_linear,0,15,-99.0,-15.0,-14.926214,0.0,"{""feature_means"": {""momentum"": -82.5, ""oscillation"": 0.0, ""tendance"": -99.16666666666667, ""volume"": -2.5}, ""feature_stds"": {""momentum"": 52.698039179207925, ""oscillation"": 1.0, ""tendance"": 9.090593428863096, ""volume"": 95.2737284529861}}"
isotonic_calibrated,0,15,-99.0,-50.0,-36.796097,-30.0,"{""increasing"": true, ""x_thresholds"": [-100.0, -75.0, -66.66666666666667, -50.0, -25.0, 0.0, 25.0], ""y_thresholds"": [-0.02108813152367091, -0.014747657508067514, -0.010293526449665347, -0.007654392930455167, -0.005426562322090746, -0.005426562322090746, -0.005056969961293167]}"
topsis_category,0,15,-80.0,30.0,50.0,60.0,"{""criteria"": [[0.0, 0.0, 0.0, 0.0, 0.9916666666666667], [0.09166703078684453, 1.1056023464540436, 0.000663651073876231, 0.0, 0.9583333333333334], [0.0, 0.0, 0.0, 0.0, 0.0], [0.21057241452180794, 1.4067012951927953, 0.012464398064792893, 1.0, 0.9083333333333333]], ""criteria_weights"": ""equal""}"
topsis_action,0,15,-50.0,-15.0,15.0,50.0,"{""bucket_action_stats"": {""buy"": {""buy"": {""hit_rate"": 0.2, ""mean_utility"": -0.006056969961293167, ""n"": 5.0}, ""hold"": {""hit_rate"": 0.0, ""mean_utility"": 0.0, ""n"": 5.0}, ""sell"": {""hit_rate"": 0.4, ""mean_utility"": 0.004056969961293167, ""n"": 5.0}, ""strong_buy"": {""hit_rate"": 0.2, ""mean_utility"": -0.006056969961293167, ""n"": 5.0}, ""strong_sell"": {""hit_rate"": 0.4, ""mean_utility"": 0.004056969961293167, ""n"": 5.0}}, ""hold"": {""buy"": {""hit_rate"": 0.0, ""mean_utility"": -0.04231691300179097, ""n"": 2.0}, ""hold"": {""hit_rate"": 0.0, ""mean_utility"": 0.0, ""n"": 2.0}, ""sell"": {""hit_rate"": 1.0, ""mean_utility"": 0.040316913001790966, ""n"": 2.0}, ""strong_buy"": {""hit_rate"": 0.0, ""mean_utility"": -0.04231691300179097, ""n"": 2.0}, ""strong_sell"": {""hit_rate"": 1.0, ""mean_utility"": 0.040316913001790966, ""n"": 2.0}}, ""sell"": {""buy"": {""hit_rate"": 0.39622641509433965, ""mean_utility"": -0.005240347625374846, ""n"": 53.0}, ""hold"": {""hit_rate"": 0.0, ""mean_utility"": 0.0, ""n"": 53.0}, ""sell"": {""hit_rate"": 0.5660377358490566, ""mean_utility"": 0.003240347625374844, ""n"": 53.0}, ""strong_buy"": {""hit_rate"": 0.39622641509433965, ""mean_utility"": -0.005240347625374846, ""n"": 53.0}, ""strong_sell"": {""hit_rate"": 0.5660377358490566, ""mean_utility"": 0.003240347625374844, ""n"": 53.0}}, ""strong_buy"": {""buy"": {""hit_rate"": 0.0, ""mean_utility"": 0.0, ""n"": 0.0}, ""hold"": {""hit_rate"": 0.0, ""mean_utility"": 0.0, ""n"": 0.0}, ""sell"": {""hit_rate"": 0.0, ""mean_utility"": 0.0, ""n"": 0.0}, ""strong_buy"": {""hit_rate"": 0.0, ""mean_utility"": 0.0, ""n"": 0.0}, ""strong_sell"": {""hit_rate"": 0.0, ""mean_utility"": 0.0, ""n"": 0.0}}, ""strong_sell"": {""buy"": {""hit_rate"": 0.2833333333333333, ""mean_utility"": -0.015693503620647507, ""n"": 60.0}, ""hold"": {""hit_rate"": 0.0, ""mean_utility"": 0.0, ""n"": 60.0}, ""sell"": {""hit_rate"": 0.6666666666666666, ""mean_utility"": 0.013693503620647505, ""n"": 60.0}, ""strong_buy"": {""hit_rate"": 0.2833333333333333, ""mean_utility"": -0.015693503620647507, ""n"": 60.0}, ""strong_sell"": {""hit_rate"": 0.6666666666666666, ""mean_utility"": 0.013693503620647505, ""n"": 60.0}}}}"
ahp_topsis_prior,0,15,-80.0,50.0,60.0,80.0,"{""criteria"": [[0.0, 0.0, 0.0, 0.0, 0.9916666666666667], [0.09166703078684453, 1.1056023464540436, 0.000663651073876231, 0.0, 0.9583333333333334], [0.0, 0.0, 0.0, 0.0, 0.0], [0.21057241452180794, 1.4067012951927953, 0.012464398064792893, 1.0, 0.9083333333333333]], ""criteria_weights"": [0.45, 0.2, 0.2, 0.1, 0.05]}"
baseline_fixed,1,15,-50.0,-15.0,15.0,50.0,{}
threshold_optimized,1,15,-80.0,-60.0,-50.0,-30.0,{}
ridge_linear,1,15,-80.0,30.0,37.576385,49.764282,"{""feature_means"": {""momentum"": 25.86062132661629, ""oscillation"": -9.06801007556675, ""tendance"": 21.49454240134341, ""volume"": 43.07304785894207}, ""feature_stds"": {""momentum"": 95.59347904127294, ""oscillation"": 44.34489560138194, ""tendance"": 94.38358821872843, ""volume"": 83.48191277497071}}"
isotonic_calibrated,1,15,-80.0,30.0,50.0,60.0,"{""increasing"": true, ""x_thresholds"": [-100.0, -75.0, -50.0, -33.333333333333336, 66.66666666666667, 75.0, 100.0], ""y_thresholds"": [-0.01211944529916918, 0.007030844492404682, 0.007030844492404682, 0.022599166938638917, 0.022599166938638917, 0.024188509997978343, 0.024188509997978343]}"
topsis_category,1,15,-96.300974,-80.0,-50.0,-41.818276,"{""criteria"": [[0.06580804667021738, 0.8792583157432177, 0.009384311011781575, 0.0, 0.9370277078085643], [0.016029535344525916, 0.2101808708488892, 0.0023277089444913336, 0.0, 0.980688497061293], [0.017833709095428082, 0.24829249657754104, 0.0013147545256192474, 0.0, 0.20486985726280438], [0.0377418240732866, 0.47346684383272075, 0.006259347879657973, 0.0, 0.8824517212426533]], ""criteria_weights"": ""equal""}"
topsis_action,1,15,-50.0,-15.0,15.0,50.0,"{""bucket_action_stats"": {""buy"": {""buy"": {""hit_rate"": 0.6112469437652812, ""mean_utility"": 0.022206372654366355, ""n"": 409.0}, ""hold"": {""hit_rate"": 0.0, ""mean_utility"": 0.0, ""n"": 409.0}, ""sell"": {""hit_rate"": 0.34963325183374083, ""mean_utility"": -0.024206372654366363, ""n"": 409.0}, ""strong_buy"": {""hit_rate"": 0.6112469437652812, ""mean_utility"": 0.022206372654366355, ""n"": 409.0}, ""strong_sell"": {""hit_rate"": 0.34963325183374083, ""mean_utility"": -0.024206372654366363, ""n"": 409.0}}, ""hold"": {""buy"": {""hit_rate"": 0.6164383561643836, ""mean_utility"": 0.019639355969483012, ""n"": 73.0}, ""hold"": {""hit_rate"": 0.0, ""mean_utility"": 0.0, ""n"": 73.0}, ""sell"": {""hit_rate"": 0.3424657534246575, ""mean_utility"": -0.02163935596948301, ""n"": 73.0}, ""strong_buy"": {""hit_rate"": 0.6164383561643836, ""mean_utility"": 0.019639355969483012, ""n"": 73.0}, ""strong_sell"": {""hit_rate"": 0.3424657534246575, ""mean_utility"": -0.02163935596948301, ""n"": 73.0}}, ""sell"": {""buy"": {""hit_rate"": 0.6282051282051282, ""mean_utility"": 0.01615812398082065, ""n"": 234.0}, ""hold"": {""hit_rate"": 0.0, ""mean_utility"": 0.0, ""n"": 234.0}, ""sell"": {""hit_rate"": 0.33760683760683763, ""mean_utility"": -0.018158123980820652, ""n"": 234.0}, ""strong_buy"": {""hit_rate"": 0.6282051282051282, ""mean_utility"": 0.01615812398082065, ""n"": 234.0}, ""strong_sell"": {""hit_rate"": 0.33760683760683763, ""mean_utility"": -0.018158123980820652, ""n"": 234.0}}, ""strong_buy"": {""buy"": {""hit_rate"": 0.5953757225433526, ""mean_utility"": 0.02208912251704957, ""n"": 346.0}, ""hold"": {""hit_rate"": 0.0, ""mean_utility"": 0.0, ""n"": 346.0}, ""sell"": {""hit_rate"": 0.37283236994219654, ""mean_utility"": -0.024089122517049567, ""n"": 346.0}, ""strong_buy"": {""hit_rate"": 0.5953757225433526, ""mean_utility"": 0.02208912251704957, ""n"": 346.0}, ""strong_sell"": {""hit_rate"": 0.37283236994219654, ""mean_utility"": -0.024089122517049567, ""n"": 346.0}}, ""strong_sell"": {""buy"": {""hit_rate"": 0.5038759689922481, ""mean_utility"": 0.007457484597877511, ""n"": 129.0}, ""hold"": {""hit_rate"": 0.0, ""mean_utility"": 0.0, ""n"": 129.0}, ""sell"": {""hit_rate"": 0.4496124031007752, ""mean_utility"": -0.009457484597877512, ""n"": 129.0}, ""strong_buy"": {""hit_rate"": 0.5038759689922481, ""mean_utility"": 0.007457484597877511, ""n"": 129.0}, ""strong_sell"": {""hit_rate"": 0.4496124031007752, ""mean_utility"": -0.009457484597877512, ""n"": 129.0}}}}"
ahp_topsis_prior,1,15,-95.345832,-80.0,-60.0,-50.0,"{""criteria"": [[0.06580804667021738, 0.8792583157432177, 0.009384311011781575, 0.0, 0.9370277078085643], [0.016029535344525916, 0.2101808708488892, 0.0023277089444913336, 0.0, 0.980688497061293], [0.017833709095428082, 0.24829249657754104, 0.0013147545256192474, 0.0, 0.20486985726280438], [0.0377418240732866, 0.47346684383272075, 0.006259347879657973, 0.0, 0.8824517212426533]], ""criteria_weights"": [0.45, 0.2, 0.2, 0.1, 0.05]}"
baseline_fixed,2,15,-50.0,-15.0,15.0,50.0,{}
threshold_optimized,2,15,-80.0,-75.0,-60.0,-50.0,{}
ridge_linear,2,15,-80.0,-30.0,15.0,20.015979,"{""feature_means"": {""momentum"": 12.909441233140655, ""oscillation"": -9.12010276172126, ""tendance"": 13.872832369942197, ""volume"": 22.12588310854207}, ""feature_stds"": {""momentum"": 98.0559925214827, ""oscillation"": 38.85396254087254, ""tendance"": 95.19727959825825, ""volume"": 90.89140840923562}}"
isotonic_calibrated,2,15,-50.0,-15.0,15.0,50.0,"{""increasing"": true, ""x_thresholds"": [-100.0, -75.0, -66.66666666666667, -50.0, -33.333333333333336, -25.0, 0.0, 100.0], ""y_thresholds"": [-0.015080992122775291, 0.002523202924412722, 0.009153384999658176, 0.010609863292030867, 0.012140178780601831, 0.012140178780601831, 0.013418214434708893, 0.013418214434708893]}"
topsis_category,2,15,-80.0,-60.0,-50.0,-40.519882,"{""criteria"": [[0.04190888984451263, 0.9818004536020902, 0.0056076483039237185, 1.0, 0.9254977520873474], [0.0014806829103482585, 0.031844605603360894, 0.0, 1.0, 0.9781631342324983], [0.056205653175601215, 1.3372221194898672, 0.0016842164997069795, 1.0, 0.15928066795118817], [0.022553850783958527, 0.49774424486527236, 0.003382964419382334, 0.0, 0.8750802825947335]], ""criteria_weights"": ""equal""}"
topsis_action,2,15,-50.0,-15.0,15.0,50.0,"{""bucket_action_stats"": {""buy"": {""buy"": {""hit_rate"": 0.5743801652892562, ""mean_utility"": 0.013227706698662947, ""n"": 968.0}, ""hold"": {""hit_rate"": 0.0, ""mean_utility"": 0.0, ""n"": 968.0}, ""sell"": {""hit_rate"": 0.39359504132231404, ""mean_utility"": -0.015227706698662948, ""n"": 968.0}, ""strong_buy"": {""hit_rate"": 0.5743801652892562, ""mean_utility"": 0.013227706698662947, ""n"": 968.0}, ""strong_sell"": {""hit_rate"": 0.39359504132231404, ""mean_utility"": -0.015227706698662948, ""n"": 968.0}}, ""hold"": {""buy"": {""hit_rate"": 0.6359447004608295, ""mean_utility"": 0.016346817180532935, ""n"": 217.0}, ""hold"": {""hit_rate"": 0.0, ""mean_utility"": 0.0, ""n"": 217.0}, ""sell"": {""hit_rate"": 0.3271889400921659, ""mean_utility"": -0.018346817180532937, ""n"": 217.0}, ""strong_buy"": {""hit_rate"": 0.6359447004608295, ""mean_utility"": 0.016346817180532935, ""n"": 217.0}, ""strong_sell"": {""hit_rate"": 0.3271889400921659, ""mean_utility"": -0.018346817180532937, ""n"": 217.0}}, ""sell"": {""buy"": {""hit_rate"": 0.5909878682842288, ""mean_utility"": 0.01069726251267921, ""n"": 577.0}, ""hold"": {""hit_rate"": 0.0, ""mean_utility"": 0.0, ""n"": 577.0}, ""sell"": {""hit_rate"": 0.3778162911611785, ""mean_utility"": -0.012697262512679212, ""n"": 577.0}, ""strong_buy"": {""hit_rate"": 0.5909878682842288, ""mean_utility"": 0.01069726251267921, ""n"": 577.0}, ""strong_sell"": {""hit_rate"": 0.3778162911611785, ""mean_utility"": -0.012697262512679212, ""n"": 577.0}}, ""strong_buy"": {""buy"": {""hit_rate"": 0.5416666666666666, ""mean_utility"": 0.010287882003261842, ""n"": 768.0}, ""hold"": {""hit_rate"": 0.0, ""mean_utility"": 0.0, ""n"": 768.0}, ""sell"": {""hit_rate"": 0.4322916666666667, ""mean_utility"": -0.012287882003261844, ""n"": 768.0}, ""strong_buy"": {""hit_rate"": 0.5416666666666666, ""mean_utility"": 0.010287882003261842, ""n"": 768.0}, ""strong_sell"": {""hit_rate"": 0.4322916666666667, ""mean_utility"": -0.012287882003261844, ""n"": 768.0}}, ""strong_sell"": {""buy"": {""hit_rate"": 0.4931506849315068, ""mean_utility"": 0.0014041938587497783, ""n"": 584.0}, ""hold"": {""hit_rate"": 0.0, ""mean_utility"": 0.0, ""n"": 584.0}, ""sell"": {""hit_rate"": 0.4743150684931507, ""mean_utility"": -0.00340419385874978, ""n"": 584.0}, ""strong_buy"": {""hit_rate"": 0.4931506849315068, ""mean_utility"": 0.0014041938587497783, ""n"": 584.0}, ""strong_sell"": {""hit_rate"": 0.4743150684931507, ""mean_utility"": -0.00340419385874978, ""n"": 584.0}}}}"
ahp_topsis_prior,2,15,-80.0,-60.0,-50.477426,-50.0,"{""criteria"": [[0.04190888984451263, 0.9818004536020902, 0.0056076483039237185, 1.0, 0.9254977520873474], [0.0014806829103482585, 0.031844605603360894, 0.0, 1.0, 0.9781631342324983], [0.056205653175601215, 1.3372221194898672, 0.0016842164997069795, 1.0, 0.15928066795118817], [0.022553850783958527, 0.49774424486527236, 0.003382964419382334, 0.0, 0.8750802825947335]], ""criteria_weights"": [0.45, 0.2, 0.2, 0.1, 0.05]}"
baseline_fixed,3,15,-50.0,-15.0,15.0,50.0,{}
threshold_optimized,3,15,-80.0,-75.0,-66.666667,-60.0,{}
ridge_linear,3,15,-80.0,-30.0,30.0,50.0,"{""feature_means"": {""momentum"": 9.177679882525698, ""oscillation"": -7.31767009300049, ""tendance"": 10.79295154185022, ""volume"": 17.13166911404797}, ""feature_stds"": {""momentum"": 98.60236847619502, ""oscillation"": 35.15994383624094, ""tendance"": 95.28023797543231, ""volume"": 90.41263859832034}}"
isotonic_calibrated,3,15,-50.0,-15.0,15.0,50.0,"{""increasing"": true, ""x_thresholds"": [-100.0, -75.0, -66.66666666666667, 0.0, 25.0, 100.0], ""y_thresholds"": [-0.012708650553341735, 0.0002884124989256803, 0.007321505011090948, 0.007321505011090948, 0.011118599898673158, 0.011118599898673158]}"
topsis_category,3,15,-85.861156,-80.0,-72.425108,-60.0,"{""criteria"": [[0.07209024972085012, 1.9294187632758593, 0.007216336701269208, 1.0, 0.9194811551639746], [0.01158144903259904, 0.2879633274198813, 0.0027968042749928037, 0.0, 0.9806656877141459], [0.022099643919117062, 0.5994220985179468, 0.0008462885734668649, 1.0, 0.12897699461576115], [0.06275626105228761, 1.5536656933864053, 0.005560244126189397, 1.0, 0.846793930494371]], ""criteria_weights"": ""equal""}"
topsis_action,3,15,-50.0,-15.0,15.0,50.0,"{""bucket_action_stats"": {""buy"": {""buy"": {""hit_rate"": 0.5668402777777778, ""mean_utility"": 0.011673795193766875, ""n"": 1152.0}, ""hold"": {""hit_rate"": 0.0, ""mean_utility"": 0.0, ""n"": 1152.0}, ""sell"": {""hit_rate"": 0.3984375, ""mean_utility"": -0.013673795193766877, ""n"": 1152.0}, ""strong_buy"": {""hit_rate"": 0.5668402777777778, ""mean_utility"": 0.011673795193766875, ""n"": 1152.0}, ""strong_sell"": {""hit_rate"": 0.3984375, ""mean_utility"": -0.013673795193766877, ""n"": 1152.0}}, ""hold"": {""buy"": {""hit_rate"": 0.5043227665706052, ""mean_utility"": 0.0036109284039179323, ""n"": 347.0}, ""hold"": {""hit_rate"": 0.0, ""mean_utility"": 0.0, ""n"": 347.0}, ""sell"": {""hit_rate"": 0.4610951008645533, ""mean_utility"": -0.005610928403917932, ""n"": 347.0}, ""strong_buy"": {""hit_rate"": 0.5043227665706052, ""mean_utility"": 0.0036109284039179323, ""n"": 347.0}, ""strong_sell"": {""hit_rate"": 0.4610951008645533, ""mean_utility"": -0.005610928403917932, ""n"": 347.0}}, ""sell"": {""buy"": {""hit_rate"": 0.5557122708039492, ""mean_utility"": 0.0073381468440510125, ""n"": 709.0}, ""hold"": {""hit_rate"": 0.0, ""mean_utility"": 0.0, ""n"": 709.0}, ""sell"": {""hit_rate"": 0.41748942172073344, ""mean_utility"": -0.009338146844051013, ""n"": 709.0}, ""strong_buy"": {""hit_rate"": 0.5557122708039492, ""mean_utility"": 0.0073381468440510125, ""n"": 709.0}, ""strong_sell"": {""hit_rate"": 0.41748942172073344, ""mean_utility"": -0.009338146844051013, ""n"": 709.0}}, ""strong_buy"": {""buy"": {""hit_rate"": 0.5287128712871287, ""mean_utility"": 0.008344753383873202, ""n"": 1010.0}, ""hold"": {""hit_rate"": 0.0, ""mean_utility"": 0.0, ""n"": 1010.0}, ""sell"": {""hit_rate"": 0.44455445544554456, ""mean_utility"": -0.010344753383873202, ""n"": 1010.0}, ""strong_buy"": {""hit_rate"": 0.5287128712871287, ""mean_utility"": 0.008344753383873202, ""n"": 1010.0}, ""strong_sell"": {""hit_rate"": 0.44455445544554456, ""mean_utility"": -0.010344753383873202, ""n"": 1010.0}}, ""strong_sell"": {""buy"": {""hit_rate"": 0.46543778801843316, ""mean_utility"": -0.0002648371746399859, ""n"": 868.0}, ""hold"": {""hit_rate"": 0.0, ""mean_utility"": 0.0, ""n"": 868.0}, ""sell"": {""hit_rate"": 0.5057603686635944, ""mean_utility"": -0.001735162825360016, ""n"": 868.0}, ""strong_buy"": {""hit_rate"": 0.46543778801843316, ""mean_utility"": -0.0002648371746399859, ""n"": 868.0}, ""strong_sell"": {""hit_rate"": 0.5057603686635944, ""mean_utility"": -0.001735162825360016, ""n"": 868.0}}}}"
ahp_topsis_prior,3,15,-89.956711,-83.882484,-80.0,-60.0,"{""criteria"": [[0.07209024972085012, 1.9294187632758593, 0.007216336701269208, 1.0, 0.9194811551639746], [0.01158144903259904, 0.2879633274198813, 0.0027968042749928037, 0.0, 0.9806656877141459], [0.022099643919117062, 0.5994220985179468, 0.0008462885734668649, 1.0, 0.12897699461576115], [0.06275626105228761, 1.5536656933864053, 0.005560244126189397, 1.0, 0.846793930494371]], ""criteria_weights"": [0.45, 0.2, 0.2, 0.1, 0.05]}"
baseline_fixed,4,15,-50.0,-15.0,15.0,50.0,{}
threshold_optimized,4,15,-80.0,-75.0,-66.666667,-60.0,{}
ridge_linear,4,15,-80.0,-30.0,50.0,51.209211,"{""feature_means"": {""momentum"": 9.693877551020408, ""oscillation"": -5.850340136054422, ""tendance"": 12.806122448979592, ""volume"": 21.30952380952381}, ""feature_stds"": {""momentum"": 98.30835233786784, ""oscillation"": 33.29610582560089, ""tendance"": 95.05252663479534, ""volume"": 91.3428882980519}}"
isotonic_calibrated,4,15,-50.0,-15.0,15.0,50.0,"{""increasing"": true, ""x_thresholds"": [-100.0, -75.0, -66.66666666666667, 0.0, 25.0, 100.0], ""y_thresholds"": [-0.03900720065073258, 0.00043700931414089226, 0.004521230680370799, 0.004521230680370799, 0.007747879527575545, 0.007747879527575545]}"
topsis_category,4,15,-99.0,-80.0,-50.0,-46.323429,"{""criteria"": [[0.06780782391991377, 2.1431944195493067, 0.006728275354109145, 1.0, 0.9198979591836735], [0.021245271778420286, 0.6395567386919679, 0.0033272639285936295, 0.0, 0.9758503401360544], [0.01167679252948432, 0.4041627155239853, 0.0005104957067554048, 0.0, 0.11428571428571428], [0.03707858673669489, 1.1207191413219966, 0.00044340321710757604, 1.0, 0.8797619047619047]], ""criteria_weights"": ""equal""}"
topsis_action,4,15,-50.0,-15.0,15.0,50.0,"{""bucket_action_stats"": {""buy"": {""buy"": {""hit_rate"": 0.5589519650655022, ""mean_utility"": 0.008550824597096636, ""n"": 1603.0}, ""hold"": {""hit_rate"": 0.0, ""mean_utility"": 0.0, ""n"": 1603.0}, ""sell"": {""hit_rate"": 0.40736119775421087, ""mean_utility"": -0.010550824597096638, ""n"": 1603.0}, ""strong_buy"": {""hit_rate"": 0.5589519650655022, ""mean_utility"": 0.008550824597096636, ""n"": 1603.0}, ""strong_sell"": {""hit_rate"": 0.40736119775421087, ""mean_utility"": -0.010550824597096638, ""n"": 1603.0}}, ""hold"": {""buy"": {""hit_rate"": 0.5033557046979866, ""mean_utility"": 0.0008413937394626475, ""n"": 447.0}, ""hold"": {""hit_rate"": 0.0, ""mean_utility"": 0.0, ""n"": 447.0}, ""sell"": {""hit_rate"": 0.4608501118568233, ""mean_utility"": -0.0028413937394626467, ""n"": 447.0}, ""strong_buy"": {""hit_rate"": 0.5033557046979866, ""mean_utility"": 0.0008413937394626475, ""n"": 447.0}, ""strong_sell"": {""hit_rate"": 0.4608501118568233, ""mean_utility"": -0.0028413937394626467, ""n"": 447.0}}, ""sell"": {""buy"": {""hit_rate"": 0.5484790874524715, ""mean_utility"": 0.004106043644625346, ""n"": 1052.0}, ""hold"": {""hit_rate"": 0.0, ""mean_utility"": 0.0, ""n"": 1052.0}, ""sell"": {""hit_rate"": 0.42490494296577946, ""mean_utility"": -0.006106043644625349, ""n"": 1052.0}, ""strong_buy"": {""hit_rate"": 0.5484790874524715, ""mean_utility"": 0.004106043644625346, ""n"": 1052.0}, ""strong_sell"": {""hit_rate"": 0.42490494296577946, ""mean_utility"": -0.006106043644625349, ""n"": 1052.0}}, ""strong_buy"": {""buy"": {""hit_rate"": 0.5366771159874608, ""mean_utility"": 0.004935891473379715, ""n"": 1595.0}, ""hold"": {""hit_rate"": 0.0, ""mean_utility"": 0.0, ""n"": 1595.0}, ""sell"": {""hit_rate"": 0.43824451410658305, ""mean_utility"": -0.006935891473379716, ""n"": 1595.0}, ""strong_buy"": {""hit_rate"": 0.5366771159874608, ""mean_utility"": 0.004935891473379715, ""n"": 1595.0}, ""strong_sell"": {""hit_rate"": 0.43824451410658305, ""mean_utility"": -0.006935891473379716, ""n"": 1595.0}}, ""strong_sell"": {""buy"": {""hit_rate"": 0.4818258664412511, ""mean_utility"": -0.0013958888249316446, ""n"": 1183.0}, ""hold"": {""hit_rate"": 0.0, ""mean_utility"": 0.0, ""n"": 1183.0}, ""sell"": {""hit_rate"": 0.48520710059171596, ""mean_utility"": -0.0006041111750683569, ""n"": 1183.0}, ""strong_buy"": {""hit_rate"": 0.4818258664412511, ""mean_utility"": -0.0013958888249316446, ""n"": 1183.0}, ""strong_sell"": {""hit_rate"": 0.48520710059171596, ""mean_utility"": -0.0006041111750683569, ""n"": 1183.0}}}}"
ahp_topsis_prior,4,15,-99.0,-84.927927,-60.0,-50.0,"{""criteria"": [[0.06780782391991377, 2.1431944195493067, 0.006728275354109145, 1.0, 0.9198979591836735], [0.021245271778420286, 0.6395567386919679, 0.0033272639285936295, 0.0, 0.9758503401360544], [0.01167679252948432, 0.4041627155239853, 0.0005104957067554048, 0.0, 0.11428571428571428], [0.03707858673669489, 1.1207191413219966, 0.00044340321710757604, 1.0, 0.8797619047619047]], ""criteria_weights"": [0.45, 0.2, 0.2, 0.1, 0.05]}"
baseline_fixed,0,21,-50.0,-15.0,15.0,50.0,{}
threshold_optimized,0,21,-80.0,-60.0,-50.0,-30.0,{}
ridge_linear,0,21,-99.0,-50.0,-30.0,-24.531481,"{""feature_means"": {""momentum"": -82.5, ""oscillation"": 0.0, ""tendance"": -99.16666666666667, ""volume"": -2.5}, ""feature_stds"": {""momentum"": 52.698039179207925, ""oscillation"": 1.0, ""tendance"": 9.090593428863096, ""volume"": 95.2737284529861}}"
isotonic_calibrated,0,21,-99.0,-80.0,-60.0,-50.0,"{""increasing"": true, ""x_thresholds"": [-100.0, -75.0, -66.66666666666667, -50.0, -25.0, 25.0], ""y_thresholds"": [-0.033165426209661265, -0.02476712307640494, -0.02330562651224308, -0.02330562651224308, -0.008393994392270792, -0.008393994392270792]}"
topsis_category,0,21,-80.0,30.0,50.0,60.0,"{""criteria"": [[0.0, 0.0, 0.0, 0.0, 0.9916666666666667], [0.09783138176598187, 1.2151926849272001, 0.0005488856077750827, 0.0, 0.9583333333333334], [0.0, 0.0, 0.0, 0.0, 0.0], [0.27916595523088683, 2.33656902271586, 0.01934226966374104, 1.0, 0.9083333333333333]], ""criteria_weights"": ""equal""}"
topsis_action,0,21,-50.0,-15.0,15.0,50.0,"{""bucket_action_stats"": {""buy"": {""buy"": {""hit_rate"": 0.0, ""mean_utility"": -0.017579549859418543, ""n"": 5.0}, ""hold"": {""hit_rate"": 0.0, ""mean_utility"": 0.0, ""n"": 5.0}, ""sell"": {""hit_rate"": 0.8, ""mean_utility"": 0.01557954985941854, ""n"": 5.0}, ""strong_buy"": {""hit_rate"": 0.0, ""mean_utility"": -0.017579549859418543, ""n"": 5.0}, ""strong_sell"": {""hit_rate"": 0.8, ""mean_utility"": 0.01557954985941854, ""n"": 5.0}}, ""hold"": {""buy"": {""hit_rate"": 0.0, ""mean_utility"": -0.03857439803173113, ""n"": 2.0}, ""hold"": {""hit_rate"": 0.0, ""mean_utility"": 0.0, ""n"": 2.0}, ""sell"": {""hit_rate"": 1.0, ""mean_utility"": 0.036574398031731126, ""n"": 2.0}, ""strong_buy"": {""hit_rate"": 0.0, ""mean_utility"": -0.03857439803173113, ""n"": 2.0}, ""strong_sell"": {""hit_rate"": 1.0, ""mean_utility"": 0.036574398031731126, ""n"": 2.0}}, ""sell"": {""buy"": {""hit_rate"": 0.37735849056603776, ""mean_utility"": -0.00956341533734852, ""n"": 53.0}, ""hold"": {""hit_rate"": 0.0, ""mean_utility"": 0.0, ""n"": 53.0}, ""sell"": {""hit_rate"": 0.6226415094339622, ""mean_utility"": 0.007563415337348517, ""n"": 53.0}, ""strong_buy"": {""hit_rate"": 0.37735849056603776, ""mean_utility"": -0.00956341533734852, ""n"": 53.0}, ""strong_sell"": {""hit_rate"": 0.6226415094339622, ""mean_utility"": 0.007563415337348517, ""n"": 53.0}}, ""strong_buy"": {""buy"": {""hit_rate"": 0.0, ""mean_utility"": 0.0, ""n"": 0.0}, ""hold"": {""hit_rate"": 0.0, ""mean_utility"": 0.0, ""n"": 0.0}, ""sell"": {""hit_rate"": 0.0, ""mean_utility"": 0.0, ""n"": 0.0}, ""strong_buy"": {""hit_rate"": 0.0, ""mean_utility"": 0.0, ""n"": 0.0}, ""strong_sell"": {""hit_rate"": 0.0, ""mean_utility"": 0.0, ""n"": 0.0}}, ""strong_sell"": {""buy"": {""hit_rate"": 0.23333333333333334, ""mean_utility"": -0.025254890748989452, ""n"": 60.0}, ""hold"": {""hit_rate"": 0.0, ""mean_utility"": 0.0, ""n"": 60.0}, ""sell"": {""hit_rate"": 0.75, ""mean_utility"": 0.023254890748989444, ""n"": 60.0}, ""strong_buy"": {""hit_rate"": 0.23333333333333334, ""mean_utility"": -0.025254890748989452, ""n"": 60.0}, ""strong_sell"": {""hit_rate"": 0.75, ""mean_utility"": 0.023254890748989444, ""n"": 60.0}}}}"
ahp_topsis_prior,0,21,-80.0,50.0,60.0,80.0,"{""criteria"": [[0.0, 0.0, 0.0, 0.0, 0.9916666666666667], [0.09783138176598187, 1.2151926849272001, 0.0005488856077750827, 0.0, 0.9583333333333334], [0.0, 0.0, 0.0, 0.0, 0.0], [0.27916595523088683, 2.33656902271586, 0.01934226966374104, 1.0, 0.9083333333333333]], ""criteria_weights"": [0.45, 0.2, 0.2, 0.1, 0.05]}"
baseline_fixed,1,21,-50.0,-15.0,15.0,50.0,{}
threshold_optimized,1,21,-80.0,-60.0,-50.0,-30.0,{}
ridge_linear,1,21,-80.0,15.0,30.0,47.750607,"{""feature_means"": {""momentum"": 26.49789029535865, ""oscillation"": -9.367088607594937, ""tendance"": 21.940928270042193, ""volume"": 43.54430379746835}, ""feature_stds"": {""momentum"": 95.41367293470532, ""oscillation"": 44.11363650028264, ""tendance"": 94.26390759057148, ""volume"": 83.35331705057615}}"
isotonic_calibrated,1,21,-80.0,50.0,60.0,80.0,"{""increasing"": true, ""x_thresholds"": [-100.0, -75.0, -50.0, -33.333333333333336, -25.0, 0.0, 66.66666666666667, 75.0, 100.0], ""y_thresholds"": [-0.021941018866464188, 0.010629874515048803, 0.010629874515048803, 0.029530062060671696, 0.029530062060671696, 0.032953861365984424, 0.032953861365984424, 0.033252931467626895, 0.033252931467626895]}"
topsis_category,1,21,-80.0,-65.033148,-40.098464,-30.0,"{""criteria"": [[0.07538390047166205, 0.8946424224357582, 0.013450395645197094, 0.0, 0.9367088607594937], [0.03653042299028806, 0.4469228552708367, 0.006035215741723502, 0.0, 0.980590717299578], [0.06920042330697733, 0.9193475059327857, 0.002443721278730937, 1.0, 0.20337552742616033], [0.004812904309285876, 0.05137962288967047, 0.0028437913347954535, 0.0, 0.8843881856540085]], ""criteria_weights"": ""equal""}"
topsis_action,1,21,-50.0,-15.0,15.0,50.0,"{""bucket_action_stats"": {""buy"": {""buy"": {""hit_rate"": 0.6674816625916871, ""mean_utility"": 0.03292067813665233, ""n"": 409.0}, ""hold"": {""hit_rate"": 0.0, ""mean_utility"": 0.0, ""n"": 409.0}, ""sell"": {""hit_rate"": 0.3056234718826406, ""mean_utility"": -0.03492067813665234, ""n"": 409.0}, ""strong_buy"": {""hit_rate"": 0.6674816625916871, ""mean_utility"": 0.03292067813665233, ""n"": 409.0}, ""strong_sell"": {""hit_rate"": 0.3056234718826406, ""mean_utility"": -0.03492067813665234, ""n"": 409.0}}, ""hold"": {""buy"": {""hit_rate"": 0.75, ""mean_utility"": 0.035287534589814464, ""n"": 72.0}, ""hold"": {""hit_rate"": 0.0, ""mean_utility"": 0.0, ""n"": 72.0}, ""sell"": {""hit_rate"": 0.25, ""mean_utility"": -0.037287534589814465, ""n"": 72.0}, ""strong_buy"": {""hit_rate"": 0.75, ""mean_utility"": 0.035287534589814464, ""n"": 72.0}, ""strong_sell"": {""hit_rate"": 0.25, ""mean_utility"": -0.037287534589814465, ""n"": 72.0}}, ""sell"": {""buy"": {""hit_rate"": 0.6391304347826087, ""mean_utility"": 0.018734894831155334, ""n"": 230.0}, ""hold"": {""hit_rate"": 0.0, ""mean_utility"": 0.0, ""n"": 230.0}, ""sell"": {""hit_rate"": 0.3521739130434783, ""mean_utility"": -0.020734894831155343, ""n"": 230.0}, ""strong_buy"": {""hit_rate"": 0.6391304347826087, ""mean_utility"": 0.018734894831155334, ""n"": 230.0}, ""strong_sell"": {""hit_rate"": 0.3521739130434783, ""mean_utility"": -0.020734894831155343, ""n"": 230.0}}, ""strong_buy"": {""buy"": {""hit_rate"": 0.6242774566473989, ""mean_utility"": 0.03040771981347845, ""n"": 346.0}, ""hold"": {""hit_rate"": 0.0, ""mean_utility"": 0.0, ""n"": 346.0}, ""sell"": {""hit_rate"": 0.33815028901734107, ""mean_utility"": -0.03240771981347845, ""n"": 346.0}, ""strong_buy"": {""hit_rate"": 0.6242774566473989, ""mean_utility"": 0.03040771981347845, ""n"": 346.0}, ""strong_sell"": {""hit_rate"": 0.33815028901734107, ""mean_utility"": -0.03240771981347845, ""n"": 346.0}}, ""strong_sell"": {""buy"": {""hit_rate"": 0.5234375, ""mean_utility"": 0.014522673973971272, ""n"": 128.0}, ""hold"": {""hit_rate"": 0.0, ""mean_utility"": 0.0, ""n"": 128.0}, ""sell"": {""hit_rate"": 0.453125, ""mean_utility"": -0.016522673973971273, ""n"": 128.0}, ""strong_buy"": {""hit_rate"": 0.5234375, ""mean_utility"": 0.014522673973971272, ""n"": 128.0}, ""strong_sell"": {""hit_rate"": 0.453125, ""mean_utility"": -0.016522673973971273, ""n"": 128.0}}}}"
ahp_topsis_prior,1,21,-80.0,-64.67473,-60.0,-58.81741,"{""criteria"": [[0.07538390047166205, 0.8946424224357582, 0.013450395645197094, 0.0, 0.9367088607594937], [0.03653042299028806, 0.4469228552708367, 0.006035215741723502, 0.0, 0.980590717299578], [0.06920042330697733, 0.9193475059327857, 0.002443721278730937, 1.0, 0.20337552742616033], [0.004812904309285876, 0.05137962288967047, 0.0028437913347954535, 0.0, 0.8843881856540085]], ""criteria_weights"": [0.45, 0.2, 0.2, 0.1, 0.05]}"
baseline_fixed,2,21,-50.0,-15.0,15.0,50.0,{}
threshold_optimized,2,21,-80.0,-75.0,-60.0,-50.0,{}
ridge_linear,2,21,-80.0,-30.0,-15.0,0.0,"{""feature_means"": {""momentum"": 12.741312741312742, ""oscillation"": -8.976833976833976, ""tendance"": 13.706563706563706, ""volume"": 22.104247104247104}, ""feature_stds"": {""momentum"": 98.07583153273717, ""oscillation"": 38.719640126768205, ""tendance"": 95.21380868811606, ""volume"": 90.88340612205086}}"
isotonic_calibrated,2,21,-80.0,-30.0,-15.0,0.0,"{""increasing"": true, ""x_thresholds"": [-100.0, -75.0, -66.66666666666667, -50.0, -25.0, 0.0, 100.0], ""y_thresholds"": [-0.009416578025269622, 0.002857655617068981, 0.00630064585217735, 0.013761828208954368, 0.013761828208954368, 0.019848707939238416, 0.019848707939238416]}"
topsis_category,2,21,-80.0,-60.0,-54.000817,-50.0,"{""criteria"": [[0.063377416637205, 1.3292452077714538, 0.008696968870135153, 1.0, 0.9253539253539254], [0.01445322489559971, 0.27880830286935043, 0.004971611416776477, 0.0, 0.9781209781209781], [0.07698105719865825, 1.7365084942783244, 0.0025238221190512448, 1.0, 0.157979407979408], [0.03458735420971438, 0.6706367201542701, 0.0062506409186754985, 0.0, 0.8748391248391248]], ""criteria_weights"": ""equal""}"
topsis_action,2,21,-50.0,-15.0,15.0,50.0,"{""bucket_action_stats"": {""buy"": {""buy"": {""hit_rate"": 0.6074766355140186, ""mean_utility"": 0.019461423866260805, ""n"": 963.0}, ""hold"": {""hit_rate"": 0.0, ""mean_utility"": 0.0, ""n"": 963.0}, ""sell"": {""hit_rate"": 0.36967808930425755, ""mean_utility"": -0.021461423866260806, ""n"": 963.0}, ""strong_buy"": {""hit_rate"": 0.6074766355140186, ""mean_utility"": 0.019461423866260805, ""n"": 963.0}, ""strong_sell"": {""hit_rate"": 0.36967808930425755, ""mean_utility"": -0.021461423866260806, ""n"": 963.0}}, ""hold"": {""buy"": {""hit_rate"": 0.6805555555555556, ""mean_utility"": 0.02807672075713541, ""n"": 216.0}, ""hold"": {""hit_rate"": 0.0, ""mean_utility"": 0.0, ""n"": 216.0}, ""sell"": {""hit_rate"": 0.3055555555555556, ""mean_utility"": -0.030076720757135408, ""n"": 216.0}, ""strong_buy"": {""hit_rate"": 0.6805555555555556, ""mean_utility"": 0.02807672075713541, ""n"": 216.0}, ""strong_sell"": {""hit_rate"": 0.3055555555555556, ""mean_utility"": -0.030076720757135408, ""n"": 216.0}}, ""sell"": {""buy"": {""hit_rate"": 0.5805892547660312, ""mean_utility"": 0.01276182820895436, ""n"": 577.0}, ""hold"": {""hit_rate"": 0.0, ""mean_utility"": 0.0, ""n"": 577.0}, ""sell"": {""hit_rate"": 0.4055459272097054, ""mean_utility"": -0.014761828208954364, ""n"": 577.0}, ""strong_buy"": {""hit_rate"": 0.5805892547660312, ""mean_utility"": 0.01276182820895436, ""n"": 577.0}, ""strong_sell"": {""hit_rate"": 0.4055459272097054, ""mean_utility"": -0.014761828208954364, ""n"": 577.0}}, ""strong_buy"": {""buy"": {""hit_rate"": 0.5768229166666666, ""mean_utility"": 0.015485041003836983, ""n"": 768.0}, ""hold"": {""hit_rate"": 0.0, ""mean_utility"": 0.0, ""n"": 768.0}, ""sell"": {""hit_rate"": 0.3958333333333333, ""mean_utility"": -0.017485041003836983, ""n"": 768.0}, ""strong_buy"": {""hit_rate"": 0.5768229166666666, ""mean_utility"": 0.015485041003836983, ""n"": 768.0}, ""strong_sell"": {""hit_rate"": 0.3958333333333333, ""mean_utility"": -0.017485041003836983, ""n"": 768.0}}, ""strong_sell"": {""buy"": {""hit_rate"": 0.5017123287671232, ""mean_utility"": 0.0017100322424902867, ""n"": 584.0}, ""hold"": {""hit_rate"": 0.0, ""mean_utility"": 0.0, ""n"": 584.0}, ""sell"": {""hit_rate"": 0.4743150684931507, ""mean_utility"": -0.003710032242490288, ""n"": 584.0}, ""strong_buy"": {""hit_rate"": 0.5017123287671232, ""mean_utility"": 0.0017100322424902867, ""n"": 584.0}, ""strong_sell"": {""hit_rate"": 0.4743150684931507, ""mean_utility"": -0.003710032242490288, ""n"": 584.0}}}}"
ahp_topsis_prior,2,21,-80.0,-63.14111,-60.0,-50.0,"{""criteria"": [[0.063377416637205, 1.3292452077714538, 0.008696968870135153, 1.0, 0.9253539253539254], [0.01445322489559971, 0.27880830286935043, 0.004971611416776477, 0.0, 0.9781209781209781], [0.07698105719865825, 1.7365084942783244, 0.0025238221190512448, 1.0, 0.157979407979408], [0.03458735420971438, 0.6706367201542701, 0.0062506409186754985, 0.0, 0.8748391248391248]], ""criteria_weights"": [0.45, 0.2, 0.2, 0.1, 0.05]}"
baseline_fixed,3,21,-50.0,-15.0,15.0,50.0,{}
threshold_optimized,3,21,-80.0,-75.0,-66.666667,-60.0,{}
ridge_linear,3,21,-80.0,-30.0,30.0,50.0,"{""feature_means"": {""momentum"": 8.977189109639442, ""oscillation"": -7.333823890115281, ""tendance"": 10.816777041942604, ""volume"": 17.169487368162866}, ""feature_stds"": {""momentum"": 98.61866023638987, ""oscillation"": 35.19704742702808, ""tendance"": 95.3839949011829, ""volume"": 90.50878980080569}}"
isotonic_calibrated,3,21,-50.0,-15.0,15.0,50.0,"{""increasing"": true, ""x_thresholds"": [-100.0, -75.0, -66.66666666666667, 0.0, 25.0, 100.0], ""y_thresholds"": [-0.01461511755822933, 0.0006923601100165453, 0.009805089248089715, 0.009805089248089715, 0.015637273727473852, 0.015637273727473852]}"
topsis_category,3,21,-84.764113,-80.0,-71.250147,-60.0,"{""criteria"": [[0.08606904024295581, 2.067301492374416, 0.010036484388561964, 1.0, 0.9215109148883983], [0.015685978056520927, 0.3467265972446157, 0.004112959657421577, 0.0, 0.9806230071130734], [0.03495544678143024, 0.884114113136643, 0.0013266416732239557, 1.0, 0.129261712043169], [0.07188935828830105, 1.5629061583291062, 0.008231967287576705, 1.0, 0.8486632327691931]], ""criteria_weights"": ""equal""}"
topsis_action,3,21,-50.0,-15.0,15.0,50.0,"{""bucket_action_stats"": {""buy"": {""buy"": {""hit_rate"": 0.5879265091863517, ""mean_utility"": 0.016784417703749676, ""n"": 1143.0}, ""hold"": {""hit_rate"": 0.0, ""mean_utility"": 0.0, ""n"": 1143.0}, ""sell"": {""hit_rate"": 0.38320209973753283, ""mean_utility"": -0.018784417703749678, ""n"": 1143.0}, ""strong_buy"": {""hit_rate"": 0.5879265091863517, ""mean_utility"": 0.016784417703749676, ""n"": 1143.0}, ""strong_sell"": {""hit_rate"": 0.38320209973753283, ""mean_utility"": -0.018784417703749678, ""n"": 1143.0}}, ""hold"": {""buy"": {""hit_rate"": 0.5331412103746398, ""mean_utility"": 0.008269682674485272, ""n"": 347.0}, ""hold"": {""hit_rate"": 0.0, ""mean_utility"": 0.0, ""n"": 347.0}, ""sell"": {""hit_rate"": 0.45244956772334294, ""mean_utility"": -0.010269682674485272, ""n"": 347.0}, ""strong_buy"": {""hit_rate"": 0.5331412103746398, ""mean_utility"": 0.008269682674485272, ""n"": 347.0}, ""strong_sell"": {""hit_rate"": 0.45244956772334294, ""mean_utility"": -0.010269682674485272, ""n"": 347.0}}, ""sell"": {""buy"": {""hit_rate"": 0.5458392101551481, ""mean_utility"": 0.008610192435702609, ""n"": 709.0}, ""hold"": {""hit_rate"": 0.0, ""mean_utility"": 0.0, ""n"": 709.0}, ""sell"": {""hit_rate"": 0.43723554301833567, ""mean_utility"": -0.010610192435702609, ""n"": 709.0}, ""strong_buy"": {""hit_rate"": 0.5458392101551481, ""mean_utility"": 0.008610192435702609, ""n"": 709.0}, ""strong_sell"": {""hit_rate"": 0.43723554301833567, ""mean_utility"": -0.010610192435702609, ""n"": 709.0}}, ""strong_buy"": {""buy"": {""hit_rate"": 0.5564356435643565, ""mean_utility"": 0.012207387029569668, ""n"": 1010.0}, ""hold"": {""hit_rate"": 0.0, ""mean_utility"": 0.0, ""n"": 1010.0}, ""sell"": {""hit_rate"": 0.41089108910891087, ""mean_utility"": -0.01420738702956967, ""n"": 1010.0}, ""strong_buy"": {""hit_rate"": 0.5564356435643565, ""mean_utility"": 0.012207387029569668, ""n"": 1010.0}, ""strong_sell"": {""hit_rate"": 0.41089108910891087, ""mean_utility"": -0.01420738702956967, ""n"": 1010.0}}, ""strong_sell"": {""buy"": {""hit_rate"": 0.4804147465437788, ""mean_utility"": 0.0003499371428193484, ""n"": 868.0}, ""hold"": {""hit_rate"": 0.0, ""mean_utility"": 0.0, ""n"": 868.0}, ""sell"": {""hit_rate"": 0.5011520737327189, ""mean_utility"": -0.00234993714281935, ""n"": 868.0}, ""strong_buy"": {""hit_rate"": 0.4804147465437788, ""mean_utility"": 0.0003499371428193484, ""n"": 868.0}, ""strong_sell"": {""hit_rate"": 0.5011520737327189, ""mean_utility"": -0.00234993714281935, ""n"": 868.0}}}}"
ahp_topsis_prior,3,21,-86.904611,-80.794106,-80.0,-60.0,"{""criteria"": [[0.08606904024295581, 2.067301492374416, 0.010036484388561964, 1.0, 0.9215109148883983], [0.015685978056520927, 0.3467265972446157, 0.004112959657421577, 0.0, 0.9806230071130734], [0.03495544678143024, 0.884114113136643, 0.0013266416732239557, 1.0, 0.129261712043169], [0.07188935828830105, 1.5629061583291062, 0.008231967287576705, 1.0, 0.8486632327691931]], ""criteria_weights"": [0.45, 0.2, 0.2, 0.1, 0.05]}"
baseline_fixed,4,21,-50.0,-15.0,15.0,50.0,{}
threshold_optimized,4,21,-80.0,-75.0,-66.666667,-60.0,{}
ridge_linear,4,21,-80.0,-30.0,13.035411,15.0,"{""feature_means"": {""momentum"": 10.172413793103448, ""oscillation"": -5.862068965517241, ""tendance"": 12.982758620689655, ""volume"": 20.482758620689655}, ""feature_stds"": {""momentum"": 98.26058562453743, ""oscillation"": 33.375320365690655, ""tendance"": 95.06114028555524, ""volume"": 91.45061629084965}}"
isotonic_calibrated,4,21,-80.0,-60.0,-50.0,-30.0,"{""increasing"": true, ""x_thresholds"": [-100.0, -75.0, -66.66666666666667, 0.0, 25.0, 100.0], ""y_thresholds"": [-0.043134978092585666, 0.0013872061514513113, 0.007637683006854318, 0.007637683006854318, 0.011569310290484077, 0.011569310290484077]}"
topsis_category,4,21,-97.229502,-94.459003,-50.0,-37.16237,"{""criteria"": [[0.08127508877470546, 2.2392478387968016, 0.009370990016444395, 1.0, 0.9205172413793103], [0.01896156141874618, 0.49373839212047327, 0.002615089619406848, 0.0, 0.9758620689655172], [0.021985425316553665, 0.7005618656068604, 0.0007708696535242195, 0.0, 0.11482758620689655], [0.05276121536266549, 1.3819324358785416, 0.001994684026555135, 1.0, 0.8782758620689655]], ""criteria_weights"": ""equal""}"
topsis_action,4,21,-50.0,-15.0,15.0,50.0,"{""bucket_action_stats"": {""buy"": {""buy"": {""hit_rate"": 0.5805837563451777, ""mean_utility"": 0.013258676508269906, ""n"": 1576.0}, ""hold"": {""hit_rate"": 0.0, ""mean_utility"": 0.0, ""n"": 1576.0}, ""sell"": {""hit_rate"": 0.3902284263959391, ""mean_utility"": -0.015258676508269906, ""n"": 1576.0}, ""strong_buy"": {""hit_rate"": 0.5805837563451777, ""mean_utility"": 0.013258676508269906, ""n"": 1576.0}, ""strong_sell"": {""hit_rate"": 0.3902284263959391, ""mean_utility"": -0.015258676508269906, ""n"": 1576.0}}, ""hold"": {""buy"": {""hit_rate"": 0.5460674157303371, ""mean_utility"": 0.003687356974688916, ""n"": 445.0}, ""hold"": {""hit_rate"": 0.0, ""mean_utility"": 0.0, ""n"": 445.0}, ""sell"": {""hit_rate"": 0.43595505617977526, ""mean_utility"": -0.005687356974688916, ""n"": 445.0}, ""strong_buy"": {""hit_rate"": 0.5460674157303371, ""mean_utility"": 0.003687356974688916, ""n"": 445.0}, ""strong_sell"": {""hit_rate"": 0.43595505617977526, ""mean_utility"": -0.005687356974688916, ""n"": 445.0}}, ""sell"": {""buy"": {""hit_rate"": 0.555337904015671, ""mean_utility"": 0.007285741486998404, ""n"": 1021.0}, ""hold"": {""hit_rate"": 0.0, ""mean_utility"": 0.0, ""n"": 1021.0}, ""sell"": {""hit_rate"": 0.42703232125367285, ""mean_utility"": -0.009285741486998404, ""n"": 1021.0}, ""strong_buy"": {""hit_rate"": 0.555337904015671, ""mean_utility"": 0.007285741486998404, ""n"": 1021.0}, ""strong_sell"": {""hit_rate"": 0.42703232125367285, ""mean_utility"": -0.009285741486998404, ""n"": 1021.0}}, ""strong_buy"": {""buy"": {""hit_rate"": 0.5652724968314322, ""mean_utility"": 0.00788335264838617, ""n"": 1578.0}, ""hold"": {""hit_rate"": 0.0, ""mean_utility"": 0.0, ""n"": 1578.0}, ""sell"": {""hit_rate"": 0.40747782002534855, ""mean_utility"": -0.009883352648386171, ""n"": 1578.0}, ""strong_buy"": {""hit_rate"": 0.5652724968314322, ""mean_utility"": 0.00788335264838617, ""n"": 1578.0}, ""strong_sell"": {""hit_rate"": 0.40747782002534855, ""mean_utility"": -0.009883352648386171, ""n"": 1578.0}}, ""strong_sell"": {""buy"": {""hit_rate"": 0.4906779661016949, ""mean_utility"": -0.00046345647863763945, ""n"": 1180.0}, ""hold"": {""hit_rate"": 0.0, ""mean_utility"": 0.0, ""n"": 1180.0}, ""sell"": {""hit_rate"": 0.48898305084745763, ""mean_utility"": -0.0015365435213623624, ""n"": 1180.0}, ""strong_buy"": {""hit_rate"": 0.4906779661016949, ""mean_utility"": -0.00046345647863763945, ""n"": 1180.0}, ""strong_sell"": {""hit_rate"": 0.48898305084745763, ""mean_utility"": -0.0015365435213623624, ""n"": 1180.0}}}}"
ahp_topsis_prior,4,21,-96.618096,-93.236191,-50.0,-35.889766,"{""criteria"": [[0.08127508877470546, 2.2392478387968016, 0.009370990016444395, 1.0, 0.9205172413793103], [0.01896156141874618, 0.49373839212047327, 0.002615089619406848, 0.0, 0.9758620689655172], [0.021985425316553665, 0.7005618656068604, 0.0007708696535242195, 0.0, 0.11482758620689655], [0.05276121536266549, 1.3819324358785416, 0.001994684026555135, 1.0, 0.8782758620689655]], ""criteria_weights"": [0.45, 0.2, 0.2, 0.1, 0.05]}"
