sample,signal,definition,horizon,periods,pairs,mean_ic,median_ic,ic_std,hit_rate,hac_t_stat,pvalue
native,classical_characteristics,"A composite: z(B/M) + z(profitability approximation) - z(asset growth), >=2 components",1m,61,2662,0.025722760088667897,0.04183450707616129,0.2665963463058651,0.5901639344262295,0.7098323104818715,0.47780813008960665
native,classical_characteristics,"A composite: z(B/M) + z(profitability approximation) - z(asset growth), >=2 components",3m,59,2520,0.004772414354665707,0.002959444647424187,0.28700423161848215,0.5084745762711864,0.07859088708484166,0.9373580361717351
native,classical_characteristics,"A composite: z(B/M) + z(profitability approximation) - z(asset growth), >=2 components",6m,56,2307,0.022875753753466333,0.0458183798108217,0.33656230300818524,0.5892857142857143,0.24380118997339426,0.8073847986710381
native,classical_characteristics,"A composite: z(B/M) + z(profitability approximation) - z(asset growth), >=2 components",12m,50,1892,0.13791455326743104,0.15622095200672903,0.27572569304413824,0.8,1.5291646970151749,0.12622361993549802
native,intrinsic_valuation,"B systematic PIT valuation gap from valuation engine base scenario, fixed default assumptions",1m,17,605,-0.02705706117657065,0.02369535144936709,0.2970192440633833,0.5882352941176471,-0.4586511677830204,0.646484686198302
native,intrinsic_valuation,"B systematic PIT valuation gap from valuation engine base scenario, fixed default assumptions",3m,16,553,0.036809065020104365,0.0651475915999619,0.18443104963784313,0.5625,0.9665978111757189,0.333745129235002
native,intrinsic_valuation,"B systematic PIT valuation gap from valuation engine base scenario, fixed default assumptions",6m,15,506,0.11374766893631302,0.10840635087950458,0.20571889172921978,0.7333333333333333,2.4699277511388558,0.013514034293962585
native,intrinsic_valuation,"B systematic PIT valuation gap from valuation engine base scenario, fixed default assumptions",12m,13,413,0.2820317886091587,0.2871650925649488,0.17785799209143044,0.9230769230769231,4.391154027891725,1.127506303921777e-05
native,fundamental_momentum,C accounting change/improvement composite; no analyst revisions due lack of true revision history,1m,73,2709,0.009258184222827953,0.010615372336180063,0.28476434525037003,0.5068493150684932,0.27676851719511947,0.7819578568072398
native,fundamental_momentum,C accounting change/improvement composite; no analyst revisions due lack of true revision history,3m,71,2567,0.08440745676456514,0.01013648335860803,0.29938408522441595,0.5070422535211268,1.76409759163396,0.0777155498932327
native,fundamental_momentum,C accounting change/improvement composite; no analyst revisions due lack of true revision history,6m,68,2354,0.11192000502739463,0.06759384893713252,0.30441189699363724,0.6176470588235294,1.7618955146680366,0.07808695259353615
native,fundamental_momentum,C accounting change/improvement composite; no analyst revisions due lack of true revision history,12m,62,1939,0.15051585177040033,0.08831168831168831,0.30794039953841323,0.6129032258064516,1.490078872601057,0.13620349863797987
native,residual_value,"D cheapness residual from log(P/B) explained by ROE, revenue growth, and size",1m,36,2265,0.06776233025103479,0.08890785243234861,0.1300024497854084,0.6666666666666666,3.155925337187019,0.0015998980882683256
native,residual_value,"D cheapness residual from log(P/B) explained by ROE, revenue growth, and size",3m,34,2131,0.09711201541338634,0.06267517953017333,0.153392297067366,0.6764705882352942,2.4364175819403173,0.014833549361095377
native,residual_value,"D cheapness residual from log(P/B) explained by ROE, revenue growth, and size",6m,31,1930,0.11622797586992603,0.07607463926871648,0.1581869643145621,0.7419354838709677,1.8680494625339108,0.06175517682889664
native,residual_value,"D cheapness residual from log(P/B) explained by ROE, revenue growth, and size",12m,25,1539,0.12078245096673433,0.06303039460099216,0.18535776212926636,0.72,1.3040633754159718,0.19221197498352982
native,book_to_market,A1 PIT book equity / PIT market cap,1m,61,2483,0.07676240561633256,0.031928841622982825,0.28927525541972815,0.5901639344262295,2.1978085746666576,0.027962750142760395
native,book_to_market,A1 PIT book equity / PIT market cap,3m,59,2349,0.13449376836659332,0.12529275772657797,0.23100290152946623,0.7796610169491526,3.671296656894451,0.00024132303611024142
native,book_to_market,A1 PIT book equity / PIT market cap,6m,56,2148,0.1848579067508153,0.2337944747085109,0.2218171010729351,0.8035714285714286,3.85406029341372,0.00011617496594040766
native,book_to_market,A1 PIT book equity / PIT market cap,12m,50,1757,0.3501265759994335,0.31861249218960197,0.29068777971485055,0.88,3.3161547568086265,0.0009126527445291188
native,profitability,"A3 profitability approximation: financial ROE, non-financial operating profit/book or ROA fallback",1m,75,2734,0.010324386106158294,0.027972027972027972,0.309590077726027,0.5733333333333334,0.3055259684421737,0.7599655949076063
native,profitability,"A3 profitability approximation: financial ROE, non-financial operating profit/book or ROA fallback",3m,73,2592,0.05951331392996963,0.07709732633784379,0.2889130376726182,0.589041095890411,1.3025750013551816,0.19271989695035874
native,profitability,"A3 profitability approximation: financial ROE, non-financial operating profit/book or ROA fallback",6m,70,2379,0.08699075450911566,0.017508462545337933,0.32054017406017504,0.5142857142857142,1.1131007836730469,0.265665147160707
native,profitability,"A3 profitability approximation: financial ROE, non-financial operating profit/book or ROA fallback",12m,64,1964,-0.00552566432029826,-0.06825324604064359,0.32841545795921995,0.390625,-0.05567224871220988,0.9556029075238033
native,investment_conservative,A4 negative asset growth for non-financials,1m,49,1943,-0.02231384952256129,-0.01246691145077278,0.23038730528875387,0.46938775510204084,-0.7691950206793534,0.44177754594007546
native,investment_conservative,A4 negative asset growth for non-financials,3m,47,1835,-0.043521692235680295,-0.03289749561651737,0.2614417019767552,0.40425531914893614,-0.7735906184794574,0.4391729216967124
native,investment_conservative,A4 negative asset growth for non-financials,6m,44,1673,0.023469187570422226,0.07182680841700823,0.21375966057466791,0.6363636363636364,0.49883728364677593,0.6178940195194105
native,investment_conservative,A4 negative asset growth for non-financials,12m,38,1355,-0.04105496266231245,0.05436917380116229,0.294752257860962,0.5789473684210527,-0.38847081235168873,0.6976676497546603
native,op_margin_change,C delta operating margin,1m,48,2358,-0.01292767332452957,-0.0392499133941793,0.26666614597182253,0.4166666666666667,-0.4634799924035233,0.6430203527884977
native,op_margin_change,C delta operating margin,3m,46,2222,0.015270061940457116,0.012960893484257031,0.2899089423870898,0.5217391304347826,0.3309684804871098,0.7406682939928746
native,op_margin_change,C delta operating margin,6m,43,2021,-0.015147340855036169,0.0,0.2339181087467537,0.4883720930232558,-0.32316003370723356,0.7465740468285398
native,op_margin_change,C delta operating margin,12m,37,1630,-0.11876757348307805,0.012830209637729247,0.37566364873601416,0.5405405405405406,-0.8101982657099304,0.41782623409668807
native,roe_change,C delta ROE,1m,73,2529,-0.01558900892503018,-0.008113103391408798,0.35227441839278945,0.4931506849315068,-0.3648730087691375,0.7152062032074964
native,roe_change,C delta ROE,3m,71,2393,0.026051204220491734,-0.023007223929355676,0.3541149784415067,0.4647887323943662,0.433198804742845,0.6648703471493516
native,roe_change,C delta ROE,6m,68,2189,0.06341658510950081,-0.026086579319373623,0.426181755303028,0.4264705882352941,0.6445050492882328,0.519247984439773
native,roe_change,C delta ROE,12m,62,1792,0.17818877281454876,-0.020055625940187356,0.4429933615339677,0.43548387096774194,1.3480857369845536,0.17763080833393774
native,roa_change,C delta ROA,1m,73,2673,-0.0077319843225178864,0.00012788307846176624,0.3683719197619982,0.5068493150684932,-0.18299351712806564,0.8548031053126097
native,roa_change,C delta ROA,3m,71,2531,0.006802772017989601,-0.030583274244771568,0.36295592352310074,0.4225352112676056,0.10720395226563637,0.9146271800471557
native,roa_change,C delta ROA,6m,68,2318,0.044361759476329574,-0.03052456664364469,0.426729285989448,0.45588235294117646,0.432647918200896,0.6652705718710488
native,roa_change,C delta ROA,12m,62,1903,0.14071362527084463,-0.017100620669163333,0.4196182078660808,0.43548387096774194,1.0935687441984467,0.27414416369735584
native,cashflow_conversion_change,C delta CFO/net-income conversion,1m,37,2021,0.019094124031010552,0.01649560845607968,0.14434675108471484,0.5675675675675675,0.808732339704231,0.41866912200866935
native,cashflow_conversion_change,C delta CFO/net-income conversion,3m,35,1896,0.03356719371506579,0.051621444176564106,0.17511451976828799,0.5714285714285714,1.0774440255068456,0.28128194467371204
native,cashflow_conversion_change,C delta CFO/net-income conversion,6m,32,1716,0.10244826425167075,0.13140821139684208,0.0924633501406993,0.8125,4.239934690470397,2.2358482813622516e-05
native,cashflow_conversion_change,C delta CFO/net-income conversion,12m,26,1374,0.09653694549965104,0.09432496267423238,0.10987585325370161,0.8076923076923077,5.60913615060447,2.0333901229463436e-08
native,revenue_growth,C latest revenue growth,1m,73,2709,0.028496922577918107,-0.0022774768072760304,0.28705907996746294,0.4931506849315068,0.8859429448500343,0.37564827303154136
native,revenue_growth,C latest revenue growth,3m,71,2567,0.09675181884153417,0.027332417182840536,0.3074978912567219,0.5352112676056338,1.761891512821195,0.07808762885887655
native,revenue_growth,C latest revenue growth,6m,68,2354,0.10227563229376045,0.027609440361293196,0.2924198061860045,0.5,1.5684236211281264,0.1167823020712544
native,revenue_growth,C latest revenue growth,12m,62,1939,0.07240348755792007,0.0312238240704199,0.25771314813410584,0.532258064516129,0.9522653206080761,0.3409624408409391
native,earnings_growth,C latest positive-base earnings growth,1m,73,2397,0.05668310887380248,0.07142857142857144,0.2797408721045065,0.5753424657534246,1.6639841029392626,0.09611560629894611
native,earnings_growth,C latest positive-base earnings growth,3m,71,2266,0.2105463504145293,0.12815385462822068,0.35050539207694986,0.7323943661971831,3.567350574353591,0.000360608890614067
native,earnings_growth,C latest positive-base earnings growth,6m,68,2071,0.2545864827649511,0.14324625068933367,0.35474691102035294,0.8088235294117647,2.9772047413241345,0.0029088968026294015
native,earnings_growth,C latest positive-base earnings growth,12m,62,1705,0.3023900383003164,0.37102661487956107,0.360505474566771,0.6935483870967742,2.3383161581276393,0.019370853420376033
native,sfc_custom_v2,Legacy benchmark current SFC core score,1m,61,2635,0.023205141169693355,0.036499817318231646,0.2647780404672102,0.5409836065573771,0.6994306628222783,0.48428293083350304
native,sfc_custom_v2,Legacy benchmark current SFC core score,3m,59,2493,0.01061248661065404,0.023809523809523815,0.21850901114547397,0.576271186440678,0.3003674367665907,0.7638968992636985
native,sfc_custom_v2,Legacy benchmark current SFC core score,6m,56,2280,0.032713922571246674,0.05538412421643327,0.15182586225221859,0.6428571428571429,1.197918444826553,0.23094876833441091
native,sfc_custom_v2,Legacy benchmark current SFC core score,12m,50,1865,0.13684504294893918,0.1207954511297118,0.1851805629108145,0.8,4.740227635532261,2.134782425500248e-06
