document_id,tagged_symbol,actual_company_name,document_title,source_url,publication_date,fiscal_year
1623,REB,MAGHREB OXYGENE,Maghreb Oxygène : Résultats annuels 2017,https://media.casablanca-bourse.com/sites/default/files/BourseWeb/Documents/MOX/fr/MOX_res_2017_fr.pdf,2018-02-22,2017
2601,REB,MAGHREBAIL,MAGHREBAIL :  Comptes annuels 2018,https://media.casablanca-bourse.com/sites/default/files/BourseWeb/Documents/MAB/fr/MAB_resu_2018_fr.pdf,2019-04-05,2018
2620,REB,SOCIETE MAGHREBINE DE MONETIQUE,S2M : Comptes annuels 2018,https://media.casablanca-bourse.com/sites/default/files/BourseWeb/Documents/S2M/fr/S2M_res_2018_fr.pdf,2019-03-29,2018
2633,REB,SOCIETE DE PROMOTION PHARMACEUTIQUE DU MAGHREB S.A,Promopharm : Profit Warning sur résultats du 1er semestre 2018,https://media.casablanca-bourse.com/sites/default/files/BourseWeb/Documents/PRO/fr/PRO_PW_S1_18_fr.pdf,2018-09-14,2018
1470,REB,MAGHREBAIL,Maghrebail : Indicateurs annuels 2019  ,https://media.casablanca-bourse.com/sites/default/files/BourseWeb/Documents/MAB/fr/CP_MAB_IND_19_fr.pdf,2020-03-25,2019
2528,REB,SOCIETE DE PROMOTION PHARMACEUTIQUE DU MAGHREB S.A,Promopharm : Résultats 2019,https://media.casablanca-bourse.com/sites/default/files/BourseWeb/Documents/PRO/fr/PRO_RESULT_2019_fr.pdf,2020-03-31,2019
2514,REB,SOCIETE MAGHREBINE DE MONETIQUE,S2M : Comptes annuels 2019   ,https://media.casablanca-bourse.com/sites/default/files/BourseWeb/Documents/S2M/fr/S2M_res_19ammc_fr.pdf,2020-05-04,2019
2597,REB,SOCIETE MAGHREBINE DE MONETIQUE,S2M : Convocation en assemblée ordinaire  ,https://media.casablanca-bourse.com/sites/default/files/BourseWeb/Documents/S2M/fr/S2M_conago_19_fr.pdf,2019-05-28,2019
2577,REB,MAGHREB OXYGENE,Maghreb Oxygène : Indicateurs du 1er semestre 2019 ,https://media.casablanca-bourse.com/sites/default/files/BourseWeb/Documents/MOX/fr/MOX_ind_1S_19_fr.pdf,2019-09-19,2019
1936,REB,MAGHREB OXYGENE,Maghreb Oxygène : Indicateurs du 4e trimestre 2019 ,https://media.casablanca-bourse.com/sites/default/files/BourseWeb/Documents/MOX/fr/MOX_ind_4T_19_fr.pdf,2020-02-27,2019
2113,REB,SOCIETE MAGHREBINE DE MONETIQUE,S2M : Indicateurs du 2e trimestre 2019  ,https://media.casablanca-bourse.com/sites/default/files/BourseWeb/Documents/S2M/fr/S2M_2T_2019_fr.pdf,2019-08-30,2019
705,REB,SOCIETE DE PROMOTION PHARMACEUTIQUE DU MAGHREB S.A,Promopharm : Indicateurs du 4e trimestre 2019 ,https://media.casablanca-bourse.com/sites/default/files/BourseWeb/Documents/PRO/fr/CP_PRO_T4_19_fr.pdf,2020-02-28,2019
2111,REB,MAGHREB OXYGENE,Maghreb Oxygène : Indicateurs du 3e trimestre 2019 ,https://media.casablanca-bourse.com/sites/default/files/BourseWeb/Documents/MOX/fr/MOX_ind_3T_19_fr.pdf,2019-11-26,2019
1162,REB,MAGHREBAIL,Maghrebail : Indicateurs du 4e trimestre 2019  ,https://media.casablanca-bourse.com/sites/default/files/BourseWeb/Documents/MAB/fr/CP_MAB_T4_19_fr.pdf,2020-02-27,2019
1471,REB,SOCIETE MAGHREBINE DE MONETIQUE,S2M : Indicateurs du 4T 2019,https://media.casablanca-bourse.com/sites/default/files/BourseWeb/Documents/S2M/fr/CP_S2M_ind_T4_19_fr.pdf,2020-02-29,2019
2421,REB,SOCIETE MAGHREBINE DE MONETIQUE,S2M : Indicateurs annuels 2020,https://media.casablanca-bourse.com/sites/default/files/BourseWeb/Documents/S2M/fr/S2M_IND_2020_fr.pdf,2021-04-01,2020
1799,REB,MAGHREB OXYGENE,Maghreb Oxygène : Résultats annuels 2020,https://media.casablanca-bourse.com/sites/default/files/BourseWeb/Documents/MOX/fr/MOX_Rslts_2020_fr.pdf,2021-02-16,2020
1655,REB,MAGHREBAIL,Maghrebail : Résultats annuels 2020,https://media.casablanca-bourse.com/sites/default/files/BourseWeb/Documents/MAB/fr/MAB_Reslts_2020_fr.pdf,2021-03-26,2020
1900,REB,MAGHREB OXYGENE,Maghreb Oxygène : Indicateurs du 4e trimestre 2020,https://media.casablanca-bourse.com/sites/default/files/BourseWeb/Documents/MOX/fr/MOX_Ind_T4_2020_fr.pdf,2021-02-24,2020
1892,REB,SOCIETE DE PROMOTION PHARMACEUTIQUE DU MAGHREB S.A,Promopharm : Indicateurs du 4ème trimestre 2020,https://media.casablanca-bourse.com/sites/default/files/BourseWeb/Documents/PRO/fr/PRO_T4_20_fr.pdf,2021-03-01,2020
1890,REB,MAGHREBAIL,Maghrebail : CP financier relatif aux résultats 2020,https://media.casablanca-bourse.com/sites/default/files/BourseWeb/Documents/MAB/fr/MAB_CP_post_CA_17_03_21_fr.pdf,2021-03-18,2020
176,REB,MAGHREBAIL,Maghrebail : Rapport financier annuel 2020,https://media.casablanca-bourse.com/sites/default/files/BourseWeb/Documents/MAB/fr/MAB_RFA_2020_fr.pdf,2021-06-01,2020
2509,REB,MAGHREB OXYGENE,Maghreb Oxygène : Résultats de votes à l'assemblée générale,https://media.casablanca-bourse.com/sites/default/files/BourseWeb/Documents/MOX/fr/Mox_votesago_19_fr.pdf,2020-05-06,2020
261,REB,SOCIETE DE PROMOTION PHARMACEUTIQUE DU MAGHREB S.A,Promopharm : Comptes annuels 2020,https://media.casablanca-bourse.com/sites/default/files/BourseWeb/Documents/PRO/fr/PRO_RFA_2020_fr.pdf,2021-04-30,2020
264,REB,MAGHREBAIL,Maghrebail : Comptes annuels de l'exercice 2020,https://media.casablanca-bourse.com/sites/default/files/BourseWeb/Documents/MAB/fr/MAB_RFA_20_fr.pdf,2021-04-30,2020
2504,REB,SOCIETE MAGHREBINE DE MONETIQUE,S2M : Convocation en assemblée ordinaire,https://media.casablanca-bourse.com/sites/default/files/BourseWeb/Documents/S2M/fr/S2M_conago_20_fr.pdf,2020-06-01,2020
2499,REB,MAGHREB OXYGENE,Maghreb Oxygène : Profit warning ,https://media.casablanca-bourse.com/sites/default/files/BourseWeb/Documents/MOX/fr/MOX_PW_S1_20_fr.pdf,2020-08-27,2020
2486,REB,SOCIETE MAGHREBINE DE MONETIQUE,S2M : NI / Offre publique d'achat obligatoire,https://media.casablanca-bourse.com/sites/default/files/BourseWeb/Documents/S2M/fr/NI_OPA_S2M_20_fr.pdf,2020-09-21,2020
2481,REB,MAGHREB OXYGENE,Maghreb Oxygène : Comptes au 30 juin 2020,https://media.casablanca-bourse.com/sites/default/files/BourseWeb/Documents/MOX/fr/MOX_S1_20_fr.pdf,2020-09-22,2020
2447,REB,MAGHREB OXYGENE,Maghreb Oxygène : Résultats financiers 2020 et avis de convocation à l'AGO du 25 mars 2021,https://media.casablanca-bourse.com/sites/default/files/BourseWeb/Documents/MOX/fr/MOX%20_Rst_2020_fr.pdf,2021-02-24,2020
2427,REB,SOCIETE DE PROMOTION PHARMACEUTIQUE DU MAGHREB S.A,Promopharm : Résultats 2020,https://media.casablanca-bourse.com/sites/default/files/BourseWeb/Documents/PRO/fr/PRO_RESULT_2020_fr.pdf,2021-03-31,2020
2285,REB,MAGHREBAIL,Maghrebail : Indicateurs du 1er trimestre 2020,https://media.casablanca-bourse.com/sites/default/files/BourseWeb/Documents/MAB/fr/MAB_1T_2020_fr.pdf,2020-05-28,2020
2284,REB,MAGHREBAIL,Maghrebail : Indicateurs du 2ème trimestre 2020,https://media.casablanca-bourse.com/sites/default/files/BourseWeb/Documents/MAB/fr/MAB_1S_2020_fr.pdf,2020-08-31,2020
2137,REB,MAGHREBAIL,Maghrebail : Indicateurs du 4ème trimestre 2020,https://media.casablanca-bourse.com/sites/default/files/BourseWeb/Documents/MAB/fr/MAB_T4_2020_fr.pdf,2021-02-25,2020
2086,REB,SOCIETE MAGHREBINE DE MONETIQUE,S2M : Indicateurs du 1er trimestre 2020   ,https://media.casablanca-bourse.com/sites/default/files/BourseWeb/Documents/S2M/fr/S2M_T1_20_fr.pdf,2020-06-01,2020
2075,REB,SOCIETE MAGHREBINE DE MONETIQUE,S2M : Indicateurs du 2ème trimestre 2020,https://media.casablanca-bourse.com/sites/default/files/BourseWeb/Documents/S2M/fr/S2M_T2_20_fr.pdf,2020-08-31,2020
2070,REB,MAGHREB OXYGENE,Maghreb Oxygène : Indicateurs du 3e trimestre 2020,https://media.casablanca-bourse.com/sites/default/files/BourseWeb/Documents/MOX/fr/MOX_ind_3T_20_fr.pdf,2020-11-26,2020
2066,REB,MAGHREBAIL,Maghrebail : Indicateurs du 3ème trimestre 2020,https://media.casablanca-bourse.com/sites/default/files/BourseWeb/Documents/MAB/fr/MAB_T3_2020_fr.pdf,2020-11-27,2020
2058,REB,SOCIETE MAGHREBINE DE MONETIQUE,S2M : Indicateurs du 3ème trimestre 2020,https://media.casablanca-bourse.com/sites/default/files/BourseWeb/Documents/S2M/fr/S2M_T3_20_fr.pdf,2020-11-30,2020
2045,REB,SOCIETE MAGHREBINE DE MONETIQUE,S2M : Indicateurs du 4ème trimestre 2020,https://media.casablanca-bourse.com/sites/default/files/BourseWeb/Documents/S2M/fr/S2M_T4_20_fr.pdf,2021-02-27,2020
1925,REB,MAGHREB OXYGENE,Maghreb Oxygène : Indicateurs du 1er trimestre 2020,https://media.casablanca-bourse.com/sites/default/files/BourseWeb/Documents/MOX/fr/MOX_ind_1T_20_fr.pdf,2020-05-28,2020
1922,REB,SOCIETE DE PROMOTION PHARMACEUTIQUE DU MAGHREB S.A,Promopharm : Indicateurs du 1er trimestre 2020,https://media.casablanca-bourse.com/sites/default/files/BourseWeb/Documents/PRO/fr/PRO_T1_20_fr.pdf,2020-05-29,2020
1916,REB,MAGHREB OXYGENE,Maghreb Oxygène : Indicateurs du 2ème trimestre 2020,https://media.casablanca-bourse.com/sites/default/files/BourseWeb/Documents/MOX/fr/MOX_ind_2T_20_fr.pdf,2020-08-27,2020
1911,REB,SOCIETE DE PROMOTION PHARMACEUTIQUE DU MAGHREB S.A,Promopharm : Indicateurs du 2ème trimestre 2020,https://media.casablanca-bourse.com/sites/default/files/BourseWeb/Documents/PRO/fr/PRO_T2_20_fr.pdf,2020-08-31,2020
1907,REB,SOCIETE DE PROMOTION PHARMACEUTIQUE DU MAGHREB S.A,Promopharm : Indicateurs du 3ème trimestre 2020,https://media.casablanca-bourse.com/sites/default/files/BourseWeb/Documents/PRO/fr/PRO_T3_20_fr.pdf,2020-11-23,2020
393,REB,MAGHREB OXYGENE,Maghreb Oxygène : CP financier relatif aux résultats 2021,https://media.casablanca-bourse.com/sites/default/files/BourseWeb/Documents/MOX/fr/CP_MOX_RA_2021_fr.pdf,2022-03-10,2021
1358,REB,SOCIETE MAGHREBINE DE MONETIQUE,S2M : indicateurs du 4ème trimestre 2021,https://media.casablanca-bourse.com/sites/default/files/BourseWeb/Documents/S2M/fr/CP_S2M_T4_21_fr.pdf,2022-02-28,2021
694,REB,MAGHREBAIL,Maghrebail : CP financier relatif aux résultats 2021,https://media.casablanca-bourse.com/sites/default/files/BourseWeb/Documents/MAB/fr/CP_MAB_RESULTATS_2021_fr.pdf,2022-03-14,2021
257,REB,MAGHREBAIL,Maghrebail : Résultats financiers 2021,https://media.casablanca-bourse.com/sites/default/files/BourseWeb/Documents/MAB/fr/Maghrebail_CP%20RFA%202021_fr.pdf,2022-04-29,2021
192,REB,SOCIETE MAGHREBINE DE MONETIQUE,S2M : CP résultats financiers 2021,https://media.casablanca-bourse.com/sites/default/files/BourseWeb/Documents/S2M/fr/S2M_CP_RFA_2021_fr.pdf,2022-04-29,2021
1072,REB,SOCIETE MAGHREBINE DE MONETIQUE,S2M : CP financier relatif aux résultats 2021,https://media.casablanca-bourse.com/sites/default/files/BourseWeb/Documents/S2M/fr/CP_S2M_RESULTATS_2021_fr.pdf,2022-03-31,2021
1844,REB,MAGHREB OXYGENE,Maghreb Oxygène : indicateurs du 4ème trimestre 2021,https://media.casablanca-bourse.com/sites/default/files/BourseWeb/Documents/MOX/fr/MOX_T4_21_fr.pdf,2022-02-28,2021
1880,REB,SOCIETE DE PROMOTION PHARMACEUTIQUE DU MAGHREB S.A,Promopharm : Indicateurs du 1er trimestre 2021,https://media.casablanca-bourse.com/sites/default/files/BourseWeb/Documents/PRO/fr/PRO_T1_21_fr.pdf,2021-05-31,2021
1867,REB,SOCIETE DE PROMOTION PHARMACEUTIQUE DU MAGHREB S.A,Promopharm : Indicateurs du 2ème trimestre 2021,https://media.casablanca-bourse.com/sites/default/files/BourseWeb/Documents/PRO/fr/PRO_IND_T2_21_fr.pdf,2021-08-31,2021
1856,REB,SOCIETE DE PROMOTION PHARMACEUTIQUE DU MAGHREB S.A,Promopharm : Indicateurs du 3ème trimestre 2021,https://media.casablanca-bourse.com/sites/default/files/BourseWeb/Documents/PRO/fr/PRO_T3_21_fr.pdf,2021-11-29,2021
2026,REB,MAGHREB OXYGENE,Maghreb Oxygène : Indicateurs du 2ème trimestre 2021,https://media.casablanca-bourse.com/sites/default/files/BourseWeb/Documents/MOX/fr/MOX_IND_T2_21_fr.pdf,2021-08-31,2021
1887,REB,MAGHREB OXYGENE,Maghreb Oxygène : Indicateurs du 1er trimestre 2021,https://media.casablanca-bourse.com/sites/default/files/BourseWeb/Documents/MOX/fr/MOX_T1_2021_fr.pdf,2021-05-27,2021
167,REB,SOCIETE DE PROMOTION PHARMACEUTIQUE DU MAGHREB S.A,Promopharm: Résultats financiers 2021,https://media.casablanca-bourse.com/sites/default/files/BourseWeb/Documents/PRO/fr/Promopharm%20-%20CP%20RFA%202021_fr.pdf,2022-04-29,2021
770,REB,SOCIETE DE PROMOTION PHARMACEUTIQUE DU MAGHREB S.A,Promopharm : CP financier relatif aux résultats 2021,https://media.casablanca-bourse.com/sites/default/files/BourseWeb/Documents/PRO/fr/CP_PRO_RESULTATS_2021_fr.pdf,2022-03-31,2021
2376,REB,MAGHREB OXYGENE,Maghreb Oxygène  : Comptes du 1er semestre 2021,https://media.casablanca-bourse.com/sites/default/files/BourseWeb/Documents/MOX/fr/MOX_COMPTES_S1_21_fr.pdf,2021-10-01,2021
2363,REB,SOCIETE DE PROMOTION PHARMACEUTIQUE DU MAGHREB S.A,Promopharm : Rapport financier au 30 juin 2021,https://media.casablanca-bourse.com/sites/default/files/BourseWeb/Documents/PRO/fr/PRO_RFS_21_fr.pdf,2021-10-04,2021
2360,REB,SOCIETE MAGHREBINE DE MONETIQUE,S2M : Rapport financier au 30 juin 2021,https://media.casablanca-bourse.com/sites/default/files/BourseWeb/Documents/S2M/fr/S2M_RFS_JUIN_21_fr.pdf,2021-10-04,2021
2351,REB,SOCIETE MAGHREBINE DE MONETIQUE,S2M : Nomination du Président du Directoire,https://media.casablanca-bourse.com/sites/default/files/BourseWeb/Documents/S2M/fr/S2M_CP_NOMIN_21_fr.pdf,2021-10-06,2021
2343,REB,MAGHREB OXYGENE,Maghreb Oxygène : Résultats financiers 2021 et avis de convocation à l'AGO du 18 avril 2022,https://media.casablanca-bourse.com/sites/default/files/BourseWeb/Documents/MOX/fr/MOX_RA_2021_AGO_18_04_22_fr.pdf,2022-03-15,2021
2013,REB,MAGHREBAIL,Maghrebail : Indicateurs du 3ème trimestre 2021,https://media.casablanca-bourse.com/sites/default/files/BourseWeb/Documents/MAB/fr/MAB_T3_21_fr.pdf,2021-11-25,2021
1996,REB,MAGHREBAIL,Maghrebail  : indicateurs du 4ème trimestre 2021,https://media.casablanca-bourse.com/sites/default/files/BourseWeb/Documents/MAB/fr/MAB_T4_21_fr.pdf,2022-02-25,2021
2197,REB,SOCIETE MAGHREBINE DE MONETIQUE,S2M : Indicateurs du 1er trimestre 2021,https://media.casablanca-bourse.com/sites/default/files/BourseWeb/Documents/S2M/fr/S2M_T1_2021_fr.pdf,2021-05-31,2021
2183,REB,SOCIETE MAGHREBINE DE MONETIQUE,S2M : Indicateurs du 2ème trimestre 2021,https://media.casablanca-bourse.com/sites/default/files/BourseWeb/Documents/S2M/fr/S2M_T2_2021_fr.pdf,2021-08-31,2021
2174,REB,SOCIETE MAGHREBINE DE MONETIQUE,S2M : Indicateurs du 3ème trimestre 2021,https://media.casablanca-bourse.com/sites/default/files/BourseWeb/Documents/S2M/fr/S2M_T3_2021_fr.pdf,2021-11-30,2021
1950,REB,SOCIETE DE PROMOTION PHARMACEUTIQUE DU MAGHREB S.A,Promopharm : indicateurs du 4ème trimestre 2021,https://media.casablanca-bourse.com/sites/default/files/BourseWeb/Documents/PRO/fr/PRO_T4_21_fr.pdf,2022-02-25,2021
2135,REB,MAGHREBAIL,Maghrebail - Indicateurs du 1er trimestre 2021,https://media.casablanca-bourse.com/sites/default/files/BourseWeb/Documents/MAB/fr/MAB_IND_T1_21_fr.pdf,2021-05-28,2021
2130,REB,MAGHREBAIL,Maghrebail : Indicateurs du 2ème trimestre 2021,https://media.casablanca-bourse.com/sites/default/files/BourseWeb/Documents/MAB/fr/MAB_T2_21_fr.pdf,2021-09-01,2021
1852,REB,MAGHREB OXYGENE,Maghreb Oxygene : Indicateurs du 3ème trimestre 2021,https://media.casablanca-bourse.com/sites/default/files/BourseWeb/Documents/MOX/fr/MOX-T3-2021_fr.pdf,2021-11-30,2021
28,REB,SOCIETE DE PROMOTION PHARMACEUTIQUE DU MAGHREB S.A,RRO : Résultats financiers 2022 et CP RFA 2022,https://media.casablanca-bourse.com/sites/default/files/2023-04/pro_rf_22.pdf,2023-04-28,2022
75,REB,SOCIETE MAGHREBINE DE MONETIQUE,S2M : Résultats financiers 2022 et CP RFA 2022,https://media.casablanca-bourse.com/sites/default/files/2023-05/s2m_rfa_22.pdf,2023-05-02,2022
77,REB,SOCIETE MAGHREBINE DE MONETIQUE,S2M: Rapport financier annuel 2022,https://media.casablanca-bourse.com/sites/default/files/2023-08/s2m_rfa_2022.pdf,2023-04-28,2022
78,REB,MAGHREBAIL,MAB: Rapport financier annuel 2022,https://media.casablanca-bourse.com/sites/default/files/2023-08/maghrebail_rfa_2022.pdf,2023-04-28,2022
112,REB,MAGHREBAIL,MAB : Résultats financiers 2022 et CP RFA 2022,https://media.casablanca-bourse.com/sites/default/files/2023-05/mab_rfa_22.pdf,2023-05-02,2022
233,REB,SOCIETE DE PROMOTION PHARMACEUTIQUE DU MAGHREB S.A,PRO: Rapport financier annuel 2022,https://media.casablanca-bourse.com/sites/default/files/2023-08/promopharm_rfa_2022.pdf,2023-04-28,2022
360,REB,MAGHREB OXYGENE,Maghreb Oxygène : CP financier relatif aux résultats 2022,https://media.casablanca-bourse.com/sites/default/files/BourseWeb/Documents/MOX/fr/CP_MOX_2022_fr.pdf,2023-02-23,2022
660,REB,MAGHREBAIL,Maghrebail : CP financier relatif aux résultats 2022,https://media.casablanca-bourse.com/sites/default/files/BourseWeb/Documents/MAB/fr/CP_Maghrebail_2022CP_Maghrebail_2022_fr.pdf,2023-03-17,2022
674,REB,SOCIETE DE PROMOTION PHARMACEUTIQUE DU MAGHREB S.A,Promopharm : CP relatif aux indicateurs du 3ème trimestre 2022,https://media.casablanca-bourse.com/sites/default/files/BourseWeb/Documents/PRO/fr/CP_Promopharm_T3_22_fr.pdf,2022-11-30,2022
755,REB,SOCIETE DE PROMOTION PHARMACEUTIQUE DU MAGHREB S.A,Promopharm : CP financier relatif aux résultats 2022,https://media.casablanca-bourse.com/sites/default/files/BourseWeb/Documents/PRO/fr/CP_PRO_22_fr.pdf,2023-03-31,2022
759,REB,SOCIETE DE PROMOTION PHARMACEUTIQUE DU MAGHREB S.A,Promopharm : CP relatif aux indicateurs du 4ème trimestre 2022,https://media.casablanca-bourse.com/sites/default/files/BourseWeb/Documents/PRO/fr/CP-Promopharm-T4-2022_fr.pdf,2023-02-28,2022
1027,REB,SOCIETE MAGHREBINE DE MONETIQUE,S2M : CP financier relatif aux résultats 2022,https://media.casablanca-bourse.com/sites/default/files/BourseWeb/Documents/S2M/fr/CP_S2M_22_fr.pdf,2023-04-03,2022
1037,REB,SOCIETE MAGHREBINE DE MONETIQUE,S2M : CP relatif aux indicateurs du 4ème trimestre 2022,https://media.casablanca-bourse.com/sites/default/files/BourseWeb/Documents/S2M/fr/CP_S2M_T4_22_fr.pdf,2023-02-28,2022
1040,REB,MAGHREBAIL,Maghrebail : CP relatif aux indicateurs du 4ème trimestre 2022,https://media.casablanca-bourse.com/sites/default/files/BourseWeb/Documents/MAB/fr/CP-Maghrebail-T4-2022_fr.pdf,2023-02-28,2022
1049,REB,MAGHREB OXYGENE,Maghreb Oxygène : CP relatif aux indicateurs du 4ème trimestre 2022,https://media.casablanca-bourse.com/sites/default/files/BourseWeb/Documents/MOX/fr/CP_MOX_T4_22_fr.pdf,2023-02-23,2022
1056,REB,MAGHREB OXYGENE,Maghreb Oxygène : CP relatif aux indicateurs du 3ème trimestre 2022,https://media.casablanca-bourse.com/sites/default/files/BourseWeb/Documents/MOX/fr/CP_MOX_T3_22_fr.pdf,2022-11-30,2022
1070,REB,MAGHREBAIL,Maghrebail : CP relatif aux indicateurs du 1er trimestre 2022,https://media.casablanca-bourse.com/sites/default/files/BourseWeb/Documents/MAB/fr/CP_Maghrebail_T1_22_fr.pdf,2022-05-26,2022
1439,REB,SOCIETE MAGHREBINE DE MONETIQUE,S2M : CP relatif aux indicateurs du 2ème trimestre 2022,https://media.casablanca-bourse.com/sites/default/files/BourseWeb/Documents/S2M/fr/S2M-communique_financier_des_indicateurs_T2.pdf,2022-08-31,2022
1343,REB,SOCIETE MAGHREBINE DE MONETIQUE,S2M: CP relatif aux indicateurs du 3ème trimestre 2022,https://media.casablanca-bourse.com/sites/default/files/BourseWeb/Documents/S2M/fr/CP_S2M_T3_22_fr.pdf,2022-11-30,2022
1561,REB,MAGHREBAIL,Maghrebail : Résultats financiers du 1er semestre 2022,https://media.casablanca-bourse.com/sites/default/files/BourseWeb/Documents/MAB/fr/Maghrebail_S1_22_fr.pdf,2022-09-29,2022
1616,REB,MAGHREB OXYGENE,Maghreb Oxygène : Résultats financiers du 1er semestre 2022,https://media.casablanca-bourse.com/sites/default/files/BourseWeb/Documents/MOX/fr/MOX_S1_22_fr.pdf,2022-09-30,2022
1627,REB,MAGHREBAIL,Maghrebail : Résultats financiers 2022 et avis de convocation à l'AGO du 9 mai 2023,https://media.casablanca-bourse.com/sites/default/files/BourseWeb/Documents/MAB/fr/MAB_RF_22_fr.pdf,2023-04-03,2022
1840,REB,SOCIETE DE PROMOTION PHARMACEUTIQUE DU MAGHREB S.A,Promopharm : CP relatif aux indicateurs du 1er trimestre 2022,https://media.casablanca-bourse.com/sites/default/files/BourseWeb/Documents/PRO/fr/PRO_T1_2022_fr.pdf,2022-05-31,2022
1978,REB,MAGHREB OXYGENE,Maghreb Oxygene : CP relatif aux indicateurs du 2ème trimestre 2022,https://media.casablanca-bourse.com/sites/default/files/BourseWeb/Documents/MOX/fr/MOX%20-%20T2-2022_fr.pdf,2022-08-31,2022
1987,REB,MAGHREB OXYGENE,Maghreb Oxygène : CP relatif aux indicateurs du 1er trimestre 2022,https://media.casablanca-bourse.com/sites/default/files/BourseWeb/Documents/MOX/fr/MOX_T1_22_fr.pdf,2022-05-31,2022
2157,REB,SOCIETE MAGHREBINE DE MONETIQUE,S2M : CP relatif aux indicateurs du 2ème trimestre 2022,https://media.casablanca-bourse.com/sites/default/files/BourseWeb/Documents/S2M/fr/S2M_T2_2022_fr.pdf,2022-08-31,2022
2315,REB,MAGHREB OXYGENE,Maghreb Oxygène : Profit warning sur les résultats 2022,https://media.casablanca-bourse.com/sites/default/files/BourseWeb/Documents/MOX/fr/MOX_PW_2022_fr.pdf,2023-01-25,2022
2317,REB,MAGHREBAIL,Maghrebail : CP relatif aux indicateurs du premier semestre 2022,https://media.casablanca-bourse.com/sites/default/files/BourseWeb/Documents/MAB/fr/Maghrebail%20-%20CP%20T2%202022_fr.pdf,2022-08-31,2022
2332,REB,SOCIETE MAGHREBINE DE MONETIQUE,S2M : Avis de convocation à l'AGO du 27 juin 2022,https://media.casablanca-bourse.com/sites/default/files/BourseWeb/Documents/S2M/fr/S2M_AGO_27_06_22_fr.pdf,2022-05-30,2022
986,REB,MAGHREB OXYGENE,Maghreb Oxygène - CP relatif aux indicateurs du 3ème trimestre 2023,https://media.casablanca-bourse.com/sites/default/files/2023-12/cp_mox_t3_23.pdf,2023-11-30,2023
2300,REB,MAGHREB OXYGENE,Maghreb Oxygène - CP relatif à la publication d'un profit warning sur les résultats 2023,https://media.casablanca-bourse.com/sites/default/files/2024-02/mox_-_profit_warning_resultats_annuels_2023_1.pdf,2024-02-08,2023
2151,REB,SOCIETE MAGHREBINE DE MONETIQUE,S2M : Résultats financiers du 1er semestre 2023,https://media.casablanca-bourse.com/sites/default/files/2023-10/s2m_s1_23.pdf,2023-10-02,2023
612,REB,SOCIETE DE PROMOTION PHARMACEUTIQUE DU MAGHREB S.A,Promopharm - CP relatif aux indicateurs du 3ème trimestre 2023,https://media.casablanca-bourse.com/sites/default/files/2023-12/cp_promopharm_t3_23.pdf,2023-11-30,2023
632,REB,SOCIETE DE PROMOTION PHARMACEUTIQUE DU MAGHREB S.A,Promopharm : CP relatif aux indicateurs du 2ème trimestre 2023,https://media.casablanca-bourse.com/sites/default/files/2023-08/cp_promopharm_t2_23.pdf,2023-08-31,2023
1970,REB,SOCIETE MAGHREBINE DE MONETIQUE,S2M : CP_Avis de convocation à l'AGO du 22 juin 2023,https://media.casablanca-bourse.com/sites/default/files/2023-05/s2m_cp_ago_23.pdf,2023-05-23,2023
1001,REB,SOCIETE MAGHREBINE DE MONETIQUE,S2M : CP relatif aux indicateurs du 2ème trimestre 2023,https://media.casablanca-bourse.com/sites/default/files/2023-08/cp_s2m_t2_23.pdf,2023-08-31,2023
1604,REB,SOCIETE DE PROMOTION PHARMACEUTIQUE DU MAGHREB S.A,Promopharm : Résultats financiers du 1er semestre 2023,https://media.casablanca-bourse.com/sites/default/files/2023-10/promopharm_s1_23.pdf,2023-10-02,2023
633,REB,MAGHREB OXYGENE,Maghreb Oxygène : CP relatif aux indicateurs du 2ème trimestre 2023,https://media.casablanca-bourse.com/sites/default/files/2023-08/cp_mox_t2_23.pdf,2023-08-31,2023
642,REB,SOCIETE DE PROMOTION PHARMACEUTIQUE DU MAGHREB S.A,PRO : CP relatif aux indicateurs du 1er trimestre 2023,https://media.casablanca-bourse.com/sites/default/files/2023-06/cp_pro_t1_23.pdf,2023-06-05,2023
744,REB,SOCIETE MAGHREBINE DE MONETIQUE,S2M - CP relatif aux indicateurs du 3ème trimestre 2023,https://media.casablanca-bourse.com/sites/default/files/2023-12/cp_s2m_t3_23.pdf,2023-11-30,2023
741,REB,SOCIETE DE PROMOTION PHARMACEUTIQUE DU MAGHREB S.A,Promopharm: CP relatif aux indicateurs du 4ème trimestre 2023,https://media.casablanca-bourse.com/sites/default/files/2024-02/cp_promopharm_t4_23.pdf,2024-02-29,2023
954,REB,SOCIETE DE PROMOTION PHARMACEUTIQUE DU MAGHREB S.A,Promopharm: CP relatif aux résultats financiers 2023,https://media.casablanca-bourse.com/sites/default/files/2024-04/cp_promopharm_2023.pdf,2024-04-01,2023
1607,REB,MAGHREB OXYGENE,Maghreb Oxygène : Résultats financiers du 1er semestre 2023,https://media.casablanca-bourse.com/sites/default/files/2023-10/mox_s1_23.pdf,2023-09-26,2023
643,REB,MAGHREB OXYGENE,MOX : CP relatif aux indicateurs du 1er trimestre 2023,https://media.casablanca-bourse.com/sites/default/files/2023-06/cp_mox_t1_23.pdf,2023-06-05,2023
645,REB,MAGHREBAIL,MAB : CP relatif aux indicateurs du 1er trimestre 2023,https://media.casablanca-bourse.com/sites/default/files/2023-06/cp_mab_t1_23.pdf,2023-06-05,2023
246,REB,SOCIETE MAGHREBINE DE MONETIQUE,Société maghrébine de monétique: Résultats financiers 2023 et CP RFA 2023,https://media.casablanca-bourse.com/sites/default/files/2024-05/s2m_2023_.pdf,2024-04-30,2023
1140,REB,MAGHREBAIL,Maghrebail : CP relatif aux indicateurs du 2ème trimestre 2023,https://media.casablanca-bourse.com/sites/default/files/2023-08/cp_maghrebail_t2_23.pdf,2023-08-31,2023
1626,REB,MAGHREBAIL,Maghrebail : Résultats financiers du 1er semestre 2023,https://media.casablanca-bourse.com/sites/default/files/2023-10/maghrebail_s1_23.pdf,2023-10-02,2023
968,REB,MAGHREB OXYGENE,Maghreb Oxygène : CP relatif aux indicateurs du 4ème trimestre 2023,https://media.casablanca-bourse.com/sites/default/files/2024-02/cp_mox_t4_23.pdf,2024-02-29,2023
1401,REB,SOCIETE DE PROMOTION PHARMACEUTIQUE DU MAGHREB S.A,Promopharm: CP relatif à un profit warning sur les résultats 2023,https://media.casablanca-bourse.com/sites/default/files/2024-03/cp_profit_warning_resultats_2023.pdf,2024-03-18,2023
960,REB,SOCIETE MAGHREBINE DE MONETIQUE,Société maghrébine de monétique: CP relatif aux indicateurs du 4ème trimestre 2023,https://media.casablanca-bourse.com/sites/default/files/2024-03/cp_s2m_t4_23.pdf,2024-02-29,2023
1271,REB,SOCIETE MAGHREBINE DE MONETIQUE,Société maghrébine de monétique: Publication d'un erratum sur les indicateurs du 4ème trimestre 2023,https://media.casablanca-bourse.com/sites/default/files/2024-03/cp_s2m_t4_23_erratum.pdf,2024-03-19,2023
372,REB,MAGHREBAIL,Maghrebail - CP relatif aux résultats financiers 2023,https://media.casablanca-bourse.com/sites/default/files/2024-03/cp_maghrebail_2023.pdf,2024-03-15,2023
1135,REB,MAGHREBAIL,Maghrebail : CP relatif aux indicateurs du 3ème trimestre 2023,https://media.casablanca-bourse.com/sites/default/files/2023-12/cp_maghrebail_t3_23.pdf,2023-11-30,2023
1130,REB,MAGHREBAIL,Maghrebail - CP relatif aux indicateurs du 4ème trimestre 2023,https://media.casablanca-bourse.com/sites/default/files/2024-03/cp_maghrebail_t4_23.pdf,2024-02-29,2023
1019,REB,SOCIETE MAGHREBINE DE MONETIQUE,S2M : CP relatif aux indicateurs du 1er trimestre 2023,https://media.casablanca-bourse.com/sites/default/files/2023-06/cp_s2m_t1_23.pdf,2023-06-05,2023
162,REB,SOCIETE DE PROMOTION PHARMACEUTIQUE DU MAGHREB S.A,Promopharm - Résultats financiers 2023 et CP RFA 2023,https://media.casablanca-bourse.com/sites/default/files/2024-04/promopharm_2023.pdf,2024-04-30,2023
366,REB,MAGHREB OXYGENE,Maghreb Oxygène: CP financier relatif aux résultats 2023,https://media.casablanca-bourse.com/sites/default/files/2024-02/cp_mox_2023.pdf,2024-02-09,2023
1688,REB,MAGHREB OXYGENE,Maghreb Oxygène - Résultats financiers 2023 et avis de convocation à l'AGO du 21 mars 2024,https://media.casablanca-bourse.com/sites/default/files/2024-02/mox_2023_avis_ago_21_03_24.pdf,2024-02-15,2024
1585,REB,SOCIETE DE PROMOTION PHARMACEUTIQUE DU MAGHREB S.A,Promopharm - Résultats financiers du 1er semestre 2024,https://media.casablanca-bourse.com/sites/default/files/2024-10/promopharm_s1_24.pdf,2024-09-30,2024
1589,REB,MAGHREB OXYGENE,Maghreb Oxygène - Résultats financiers du 1er semestre 2024,https://media.casablanca-bourse.com/sites/default/files/2024-09/mox_s1_24.pdf,2024-09-25,2024
949,REB,MAGHREBAIL,Maghrebail - CP relatif aux indicateurs du 1er trimestre 2024,https://media.casablanca-bourse.com/sites/default/files/2024-05/cp_maghrebail_t1_24.pdf,2024-05-23,2024
306,REB,MAGHREBAIL,Maghrebail : CP relatif aux résultats financiers 2024,https://media.casablanca-bourse.com/sites/default/files/2025-03/cp_maghrebail_2024.pdf,2025-03-17,2024
1637,REB,MAGHREBAIL,Maghrebail - Résultats financiers du 1er semestre 2024,https://media.casablanca-bourse.com/sites/default/files/2024-09/maghrebail_s1_2024.pdf,2024-09-27,2024
945,REB,MAGHREB OXYGENE,Maghreb Oxygène: CP relatif aux indicateurs du 1er trimestre 2024,https://media.casablanca-bourse.com/sites/default/files/2024-05/cp_mox_t1_24.pdf,2024-05-30,2024
1698,REB,SOCIETE MAGHREBINE DE MONETIQUE,Société maghrébine de monétique - Résultats financiers du 1er semestre 2024,https://media.casablanca-bourse.com/sites/default/files/2024-10/s2m_s1_24.pdf,2024-09-30,2024
910,REB,MAGHREBAIL,Maghrebail - CP relatif aux indicateurs du 3ème trimestre 2024,https://media.casablanca-bourse.com/sites/default/files/2024-11/cp_maghrebail_t3_24_0.pdf,2024-11-27,2024
891,REB,MAGHREB OXYGENE,Maghreb Oxygène : CP relatif aux indicateurs du 4ème trimestre 2024,https://media.casablanca-bourse.com/sites/default/files/2025-02/cp_mox_t4_24.pdf,2025-02-27,2024
879,REB,MAGHREBAIL,Maghrebail : CP relatif aux indicateurs du 4ème trimestre 2024,https://media.casablanca-bourse.com/sites/default/files/2025-03/cp_maghrebail_t4_24.pdf,2025-03-03,2024
874,REB,SOCIETE DE PROMOTION PHARMACEUTIQUE DU MAGHREB S.A,Promopharm : CP relatif aux résultats financiers 2024,https://media.casablanca-bourse.com/sites/default/files/2025-04/cp_promopharm_2024.pdf,2025-04-02,2024
136,REB,MAGHREB OXYGENE,Maghreb Oxygène - RFA 2024,https://media.casablanca-bourse.com/sites/default/files/2025-03/mox_rfa_2024.pdf,2025-03-11,2024
104,REB,MAGHREBAIL,Maghrebail : Résultats financiers 2024 et CP RFA 2024,https://media.casablanca-bourse.com/sites/default/files/2025-05/maghrebail_2024_cp_rfa_2024.pdf,2025-04-30,2024
723,REB,SOCIETE DE PROMOTION PHARMACEUTIQUE DU MAGHREB S.A,Promopharm : CP relatif aux indicateurs du 4ème trimestre 2024,https://media.casablanca-bourse.com/sites/default/files/2025-03/cp_promopharm_t4_24.pdf,2025-02-28,2024
722,REB,SOCIETE MAGHREBINE DE MONETIQUE,Société maghrébine de monétique: CP relatif aux indicateurs du 4ème trimestre 2024,https://media.casablanca-bourse.com/sites/default/files/2025-03/cp_s2m_t4_24.pdf,2025-02-28,2024
2150,REB,SOCIETE MAGHREBINE DE MONETIQUE,S2M - Avis de convocation à l'AGO du 27 juin 2024,https://media.casablanca-bourse.com/sites/default/files/2024-05/avis_s2m_ago_27_06_24.pdf,2024-05-27,2024
96,REB,SOCIETE MAGHREBINE DE MONETIQUE,Société maghrébine de monétique  : Résultats financiers 2024 et CP RFA 2024,https://media.casablanca-bourse.com/sites/default/files/2025-05/s2m_2024_cp_rfa_2024.pdf,2025-04-30,2024
578,REB,SOCIETE DE PROMOTION PHARMACEUTIQUE DU MAGHREB S.A,Promopharm : CP relatif aux indicateurs du 1er trimestre 2024,https://media.casablanca-bourse.com/sites/default/files/2024-05/cp_promopharm_t1_24.pdf,2024-05-31,2024
571,REB,MAGHREB OXYGENE,Maghreb Oxygène : CP relatif aux indicateurs du 2ème trimestre 2024,https://media.casablanca-bourse.com/sites/default/files/2024-08/cp_mox_t2_24_0.pdf,2024-08-29,2024
566,REB,SOCIETE DE PROMOTION PHARMACEUTIQUE DU MAGHREB S.A,Promopharm : CP relatif aux indicateurs du 2ème trimestre 2024,https://media.casablanca-bourse.com/sites/default/files/2024-09/cp_promopharm_t2_24.pdf,2024-09-02,2024
551,REB,MAGHREB OXYGENE,Maghreb Oxygène - CP relatif aux indicateurs du 3ème trimestre 2024,https://media.casablanca-bourse.com/sites/default/files/2024-11/cp_mox_t3_24.pdf,2024-11-28,2024
549,REB,SOCIETE DE PROMOTION PHARMACEUTIQUE DU MAGHREB S.A,Promopharm - CP relatif aux indicateurs du 3ème trimestre 2024,https://media.casablanca-bourse.com/sites/default/files/2024-12/cp_promopharm_t3_24.pdf,2024-12-02,2024
2299,REB,MAGHREBAIL,Maghrebail - Résultats financiers 2023 et avis de convocation à l'AGO du 29 mai 2024,https://media.casablanca-bourse.com/sites/default/files/2024-04/maghrebail_2023_avis_ago_29_05_24.pdf,2024-04-01,2024
30,REB,SOCIETE DE PROMOTION PHARMACEUTIQUE DU MAGHREB S.A,Promopharm - Résultats financiers 2024 et CP RFA 2024,https://media.casablanca-bourse.com/sites/default/files/2025-05/promopharm_2024_cp_rfa_2024.pdf,2025-04-30,2024
383,REB,MAGHREB OXYGENE,Maghreb Oxygène : CP financier relatif aux résultats 2024,https://media.casablanca-bourse.com/sites/default/files/2025-02/cp_maghreb_oxygene_2024.pdf,2025-02-04,2024
362,REB,SOCIETE MAGHREBINE DE MONETIQUE,Société maghrébine de monétique: CP relatif aux résultats financiers 2024,https://media.casablanca-bourse.com/sites/default/files/2025-04/cp_s2m_2024.pdf,2025-03-28,2024
1111,REB,SOCIETE MAGHREBINE DE MONETIQUE,Société maghrébine de monétique - CP relatif aux indicateurs du 3ème trimestre 2024,https://media.casablanca-bourse.com/sites/default/files/2024-12/cp_s2m_t3_24.pdf,2024-11-29,2024
1119,REB,MAGHREBAIL,Maghrebail : CP relatif aux indicateurs du 2ème trimestre 2024,https://media.casablanca-bourse.com/sites/default/files/2024-08/cp_maghrebail_t2_24.pdf,2024-08-29,2024
1240,REB,SOCIETE MAGHREBINE DE MONETIQUE,S2M : CP relatif aux indicateurs du 2ème trimestre 2024,https://media.casablanca-bourse.com/sites/default/files/2024-09/cp_s2m_t2_24.pdf,2024-09-02,2024
1261,REB,SOCIETE MAGHREBINE DE MONETIQUE,S2M : CP relatif aux indicateurs du 1er trimestre 2024,https://media.casablanca-bourse.com/sites/default/files/2024-05/cp_s2m_t1_24.pdf,2024-05-31,2024
1169,REB,SOCIETE MAGHREBINE DE MONETIQUE,Société maghrébine de monétique- CP relatif aux indicateurs du 4ème trimestre 2025,https://media.casablanca-bourse.com/sites/default/files/2026-03/cp_s2m_t4_25.pdf,2026-02-27,2025
2297,REB,MAGHREB OXYGENE,Maghreb Oxygène - Résultats financiers 2024 et avis de convocation à l'AGO du 12 mars 2025,https://media.casablanca-bourse.com/sites/default/files/2025-02/mox_2024_avis_ago_12_03_25.pdf,2025-02-06,2025
1571,REB,MAGHREB OXYGENE,Maghreb Oxygène - Résultats financiers du 1er semestre 2025,https://media.casablanca-bourse.com/sites/default/files/2025-09/mox_s1_25.pdf,2025-09-30,2025
1095,REB,SOCIETE MAGHREBINE DE MONETIQUE,Société maghrébine de monétique - CP relatif aux indicateurs du 3ème trimestre 2025,https://media.casablanca-bourse.com/sites/default/files/2025-11/cp_s2m_t3_25.pdf,2025-11-28,2025
1193,REB,SOCIETE MAGHREBINE DE MONETIQUE,Société maghrébine de monétique- CP relatif aux indicateurs du 2ème trimestre 2025,https://media.casablanca-bourse.com/sites/default/files/2025-09/cp_s2m_t2_25.pdf,2025-08-29,2025
864,REB,MAGHREBAIL,Maghrebail : CP relatif aux indicateurs du 1er trimestre 2025,https://media.casablanca-bourse.com/sites/default/files/2025-05/cp_maghrebail_t1_25.pdf,2025-05-28,2025
32,REB,MAGHREB OXYGENE,Maghreb Oxygène - Rapport annuel 2025,https://media.casablanca-bourse.com/sites/default/files/2026-02/mox_rfa_2025.pdf,2026-02-03,2025
1555,REB,MAGHREBAIL,Maghrebail - Résultats financiers du 1er semestre 2025,https://media.casablanca-bourse.com/sites/default/files/2025-10/maghrebail_s1_25.pdf,2025-09-30,2025
3150,REB,REB,StockAnalysis supplemental three-statement data for REB,https://stockanalysis.com/quote/cbse/REB/financials/,2026-06-03,2025
522,REB,SOCIETE DE PROMOTION PHARMACEUTIQUE DU MAGHREB S.A,Promopharm - CP relatif aux indicateurs du 1er trimestre 2025,https://media.casablanca-bourse.com/sites/default/files/2025-06/cp_promopharm_t1_25.pdf,2025-05-30,2025
510,REB,SOCIETE DE PROMOTION PHARMACEUTIQUE DU MAGHREB S.A,Promopharm - CP relatif aux indicateurs du 2ème trimestre 2025,https://media.casablanca-bourse.com/sites/default/files/2025-09/cp_promopharm_t2_25.pdf,2025-08-29,2025
497,REB,MAGHREB OXYGENE,Maghreb Oxygène - CP relatif aux indicateurs du 3ème trimestre 2025,https://media.casablanca-bourse.com/sites/default/files/2025-11/cp_mox_t3_25.pdf,2025-11-27,2025
495,REB,SOCIETE DE PROMOTION PHARMACEUTIQUE DU MAGHREB S.A,Promopharm - CP relatif aux indicateurs du 3ème trimestre 2025,https://media.casablanca-bourse.com/sites/default/files/2025-11/cp_promopharm_t3_25.pdf,2025-11-28,2025
488,REB,MAGHREB OXYGENE,Maghreb Oxygène - CP relatif aux indicateurs du 4ème trimestre 2025,https://media.casablanca-bourse.com/sites/default/files/2026-02/cp_mox_t4_25.pdf,2026-02-26,2025
294,REB,SOCIETE MAGHREBINE DE MONETIQUE,Société maghrébine de monétique Société maghrébine de monétique - CP relatif aux résultats financiers 2025,https://media.casablanca-bourse.com/sites/default/files/2026-04/cp_s2m_2025.pdf,2026-03-31,2025
707,REB,SOCIETE DE PROMOTION PHARMACEUTIQUE DU MAGHREB S.A,Promopharm - CP relatif aux résultats financiers 2025,https://media.casablanca-bourse.com/sites/default/files/2026-04/cp_promopharm_2025.pdf,2026-03-31,2025
714,REB,SOCIETE DE PROMOTION PHARMACEUTIQUE DU MAGHREB S.A,Promopharm - CP relatif aux indicateurs du 4ème trimestre 2025,https://media.casablanca-bourse.com/sites/default/files/2026-03/cp_promopharm_t4_25.pdf,2026-02-27,2025
795,REB,MAGHREBAIL,Maghrebail - CP relatif aux indicateurs du 4ème trimestre 2025,https://media.casablanca-bourse.com/sites/default/files/2026-02/cp_maghrebail_t4_25.pdf,2026-02-27,2025
836,REB,MAGHREBAIL,Maghrebail - CP relatif aux indicateurs du 2ème trimestre 2025,https://media.casablanca-bourse.com/sites/default/files/2025-09/cp_maghrebail_t2_25.pdf,2025-08-29,2025
842,REB,MAGHREB OXYGENE,Maghreb Oxygène - CP relatif aux indicateurs du 2ème trimestre 2025,https://media.casablanca-bourse.com/sites/default/files/2025-08/cp_mox_t2_25.pdf,2025-08-28,2025
852,REB,SOCIETE MAGHREBINE DE MONETIQUE,Société maghrébine de monétique - CP relatif aux indicateurs du 1er trimestre 2025,https://media.casablanca-bourse.com/sites/default/files/2025-06/cp_s2m_t1_25.pdf,2025-05-30,2025
2147,REB,SOCIETE MAGHREBINE DE MONETIQUE,Société maghrébine de monétique : Avis de convocation à l'AGO du 20 juin 2025,https://media.casablanca-bourse.com/sites/default/files/2025-05/avis_s2m_ago_20_06_25.pdf,2025-05-20,2025
859,REB,MAGHREB OXYGENE,Maghreb Oxygène - CP relatif aux indicateurs du 1er trimestre 2025,https://media.casablanca-bourse.com/sites/default/files/2025-05/cp_mox_t1_25.pdf,2025-05-29,2025
1575,REB,SOCIETE DE PROMOTION PHARMACEUTIQUE DU MAGHREB S.A,Promopharm - Résultats financiers du 1er semestre 2025,https://media.casablanca-bourse.com/sites/default/files/2025-10/promopharm_s1_25.pdf,2025-09-29,2025
336,REB,MAGHREBAIL,Maghrebail - CP relatif aux résultats financiers 2025,https://media.casablanca-bourse.com/sites/default/files/2026-03/cp_maghrebail_2025.pdf,2026-03-24,2025
2146,REB,SOCIETE MAGHREBINE DE MONETIQUE,S2M - Avis de convocation à l'AGM du 4 juin 2026,https://media.casablanca-bourse.com/sites/default/files/2026-05/avis_s2m_agm_04_06_26.pdf,2026-05-04,2026
1693,REB,MAGHREB OXYGENE,Maghreb Oxygène - Résultats financiers 2025 et avis de convocation à l'AGO du 6 mars 2026,https://media.casablanca-bourse.com/sites/default/files/2026-02/mox_2025_avis_ago_06_03_26.pdf,2026-02-03,2026
272,REB,MAGHREBAIL,,https://media.casablanca-bourse.com/sites/default/files/2026-05/maghrebail_2025_rfa.pdf,,
