date,action,symbol,vintage_formed,weight
2022-03-31,BUY,ADH,2022-03-31,0.024999999999999998
2022-03-31,BUY,ADI,2022-03-31,0.024999999999999998
2022-03-31,BUY,CDM,2022-03-31,0.049999999999999996
2022-04-30,BUY,ADH,2022-04-30,0.024999999999999998
2022-04-30,BUY,ADI,2022-04-30,0.024999999999999998
2022-04-30,BUY,CDM,2022-04-30,0.049999999999999996
2022-05-31,BUY,ADH,2022-05-31,0.024999999999999998
2022-05-31,BUY,ADI,2022-05-31,0.024999999999999998
2022-05-31,BUY,CDM,2022-05-31,0.049999999999999996
2022-06-30,BUY,ADI,2022-06-30,0.049999999999999996
2022-06-30,BUY,CDM,2022-06-30,0.049999999999999996
2022-06-30,BUY,LHM,2022-06-30,0.049999999999999996
2022-07-31,BUY,ADI,2022-07-31,0.049999999999999996
2022-07-31,BUY,ATW,2022-07-31,0.024999999999999998
2022-07-31,BUY,CDM,2022-07-31,0.024999999999999998
2022-08-31,BUY,ADI,2022-08-31,0.049999999999999996
2022-08-31,BUY,BCP,2022-08-31,0.024999999999999998
2022-08-31,BUY,CDM,2022-08-31,0.024999999999999998
2022-09-30,SELL,ADH,2022-03-31,0.024999999999999998
2022-09-30,SELL,ADI,2022-03-31,0.024999999999999998
2022-09-30,SELL,CDM,2022-03-31,0.049999999999999996
2022-09-30,BUY,ADI,2022-09-30,0.049999999999999996
2022-09-30,BUY,BCP,2022-09-30,0.024999999999999998
2022-09-30,BUY,CDM,2022-09-30,0.024999999999999998
2022-10-31,SELL,ADH,2022-04-30,0.024999999999999998
2022-10-31,SELL,ADI,2022-04-30,0.024999999999999998
2022-10-31,SELL,CDM,2022-04-30,0.049999999999999996
2022-10-31,BUY,ADI,2022-10-31,0.049999999999999996
2022-10-31,BUY,BCP,2022-10-31,0.024999999999999998
2022-10-31,BUY,CDM,2022-10-31,0.024999999999999998
2022-11-30,SELL,ADH,2022-05-31,0.024999999999999998
2022-11-30,SELL,ADI,2022-05-31,0.024999999999999998
2022-11-30,SELL,CDM,2022-05-31,0.049999999999999996
2022-11-30,BUY,ADI,2022-11-30,0.049999999999999996
2022-11-30,BUY,CDM,2022-11-30,0.049999999999999996
2022-11-30,BUY,JET,2022-11-30,0.049999999999999996
2022-12-31,SELL,ADI,2022-06-30,0.049999999999999996
2022-12-31,SELL,CDM,2022-06-30,0.049999999999999996
2022-12-31,SELL,LHM,2022-06-30,0.049999999999999996
2022-12-31,BUY,ADI,2022-12-31,0.049999999999999996
2022-12-31,BUY,CDM,2022-12-31,0.049999999999999996
2022-12-31,BUY,JET,2022-12-31,0.049999999999999996
2023-01-31,SELL,ADI,2022-07-31,0.049999999999999996
2023-01-31,SELL,ATW,2022-07-31,0.024999999999999998
2023-01-31,SELL,CDM,2022-07-31,0.024999999999999998
2023-01-31,BUY,ADI,2023-01-31,0.049999999999999996
2023-01-31,BUY,CDM,2023-01-31,0.049999999999999996
2023-01-31,BUY,JET,2023-01-31,0.049999999999999996
2023-02-28,SELL,ADI,2022-08-31,0.049999999999999996
2023-02-28,SELL,BCP,2022-08-31,0.024999999999999998
2023-02-28,SELL,CDM,2022-08-31,0.024999999999999998
2023-02-28,BUY,ADI,2023-02-28,0.049999999999999996
2023-02-28,BUY,CDM,2023-02-28,0.049999999999999996
2023-02-28,BUY,JET,2023-02-28,0.049999999999999996
2023-03-31,SELL,ADI,2022-09-30,0.049999999999999996
2023-03-31,SELL,BCP,2022-09-30,0.024999999999999998
2023-03-31,SELL,CDM,2022-09-30,0.024999999999999998
2023-03-31,BUY,ADI,2023-03-31,0.049999999999999996
2023-03-31,BUY,CDM,2023-03-31,0.049999999999999996
2023-03-31,BUY,JET,2023-03-31,0.049999999999999996
2023-04-30,SELL,ADI,2022-10-31,0.049999999999999996
2023-04-30,SELL,BCP,2022-10-31,0.024999999999999998
2023-04-30,SELL,CDM,2022-10-31,0.024999999999999998
2023-04-30,BUY,ADI,2023-04-30,0.008333333333333333
2023-04-30,BUY,ARD,2023-04-30,0.008333333333333333
2023-04-30,BUY,ATW,2023-04-30,0.008333333333333333
2023-04-30,BUY,BCI,2023-04-30,0.008333333333333333
2023-04-30,BUY,BCP,2023-04-30,0.008333333333333333
2023-04-30,BUY,BOA,2023-04-30,0.008333333333333333
2023-04-30,BUY,CDM,2023-04-30,0.008333333333333333
2023-04-30,BUY,CRS,2023-04-30,0.008333333333333333
2023-04-30,BUY,DHO,2023-04-30,0.008333333333333333
2023-04-30,BUY,EQD,2023-04-30,0.008333333333333333
2023-04-30,BUY,INV,2023-04-30,0.008333333333333333
2023-04-30,BUY,JET,2023-04-30,0.008333333333333333
2023-04-30,BUY,MLE,2023-04-30,0.008333333333333333
2023-04-30,BUY,MOX,2023-04-30,0.008333333333333333
2023-04-30,BUY,RDS,2023-04-30,0.008333333333333333
2023-04-30,BUY,REB,2023-04-30,0.008333333333333333
2023-04-30,BUY,RIS,2023-04-30,0.008333333333333333
2023-04-30,BUY,SID,2023-04-30,0.008333333333333333
2023-04-30,BUY,SRM,2023-04-30,0.008333333333333333
2023-04-30,BUY,ZDJ,2023-04-30,0.008333333333333333
2023-05-31,SELL,ADI,2022-11-30,0.049999999999999996
2023-05-31,SELL,CDM,2022-11-30,0.049999999999999996
2023-05-31,SELL,JET,2022-11-30,0.049999999999999996
2023-05-31,BUY,ADH,2023-05-31,0.008333333333333333
2023-05-31,BUY,ADI,2023-05-31,0.008333333333333333
2023-05-31,BUY,ARD,2023-05-31,0.008333333333333333
2023-05-31,BUY,ATW,2023-05-31,0.008333333333333333
2023-05-31,BUY,BCI,2023-05-31,0.008333333333333333
2023-05-31,BUY,BCP,2023-05-31,0.008333333333333333
2023-05-31,BUY,CDM,2023-05-31,0.008333333333333333
2023-05-31,BUY,CRS,2023-05-31,0.008333333333333333
2023-05-31,BUY,DHO,2023-05-31,0.008333333333333333
2023-05-31,BUY,EQD,2023-05-31,0.008333333333333333
2023-05-31,BUY,INV,2023-05-31,0.008333333333333333
2023-05-31,BUY,JET,2023-05-31,0.008333333333333333
2023-05-31,BUY,MLE,2023-05-31,0.008333333333333333
2023-05-31,BUY,MOX,2023-05-31,0.008333333333333333
2023-05-31,BUY,RDS,2023-05-31,0.008333333333333333
2023-05-31,BUY,REB,2023-05-31,0.008333333333333333
2023-05-31,BUY,RIS,2023-05-31,0.008333333333333333
2023-05-31,BUY,SID,2023-05-31,0.008333333333333333
2023-05-31,BUY,SRM,2023-05-31,0.008333333333333333
2023-05-31,BUY,ZDJ,2023-05-31,0.008333333333333333
2023-06-30,SELL,ADI,2022-12-31,0.049999999999999996
2023-06-30,SELL,CDM,2022-12-31,0.049999999999999996
2023-06-30,SELL,JET,2022-12-31,0.049999999999999996
2023-06-30,BUY,ADH,2023-06-30,0.008333333333333333
2023-06-30,BUY,ADI,2023-06-30,0.008333333333333333
2023-06-30,BUY,ARD,2023-06-30,0.008333333333333333
2023-06-30,BUY,ATW,2023-06-30,0.008333333333333333
2023-06-30,BUY,BCI,2023-06-30,0.008333333333333333
2023-06-30,BUY,BOA,2023-06-30,0.008333333333333333
2023-06-30,BUY,CDM,2023-06-30,0.008333333333333333
2023-06-30,BUY,CRS,2023-06-30,0.008333333333333333
2023-06-30,BUY,DHO,2023-06-30,0.008333333333333333
2023-06-30,BUY,EQD,2023-06-30,0.008333333333333333
2023-06-30,BUY,INV,2023-06-30,0.008333333333333333
2023-06-30,BUY,JET,2023-06-30,0.008333333333333333
2023-06-30,BUY,MLE,2023-06-30,0.008333333333333333
2023-06-30,BUY,MOX,2023-06-30,0.008333333333333333
2023-06-30,BUY,RDS,2023-06-30,0.008333333333333333
2023-06-30,BUY,REB,2023-06-30,0.008333333333333333
2023-06-30,BUY,RIS,2023-06-30,0.008333333333333333
2023-06-30,BUY,SID,2023-06-30,0.008333333333333333
2023-06-30,BUY,SRM,2023-06-30,0.008333333333333333
2023-06-30,BUY,ZDJ,2023-06-30,0.008333333333333333
2023-07-31,SELL,ADI,2023-01-31,0.049999999999999996
2023-07-31,SELL,CDM,2023-01-31,0.049999999999999996
2023-07-31,SELL,JET,2023-01-31,0.049999999999999996
2023-07-31,BUY,ADH,2023-07-31,0.008333333333333333
2023-07-31,BUY,ADI,2023-07-31,0.008333333333333333
2023-07-31,BUY,ARD,2023-07-31,0.008333333333333333
2023-07-31,BUY,BCI,2023-07-31,0.008333333333333333
2023-07-31,BUY,BCP,2023-07-31,0.008333333333333333
2023-07-31,BUY,BOA,2023-07-31,0.008333333333333333
2023-07-31,BUY,CDM,2023-07-31,0.008333333333333333
2023-07-31,BUY,CRS,2023-07-31,0.008333333333333333
2023-07-31,BUY,DHO,2023-07-31,0.008333333333333333
2023-07-31,BUY,EQD,2023-07-31,0.008333333333333333
2023-07-31,BUY,INV,2023-07-31,0.008333333333333333
2023-07-31,BUY,JET,2023-07-31,0.008333333333333333
2023-07-31,BUY,MLE,2023-07-31,0.008333333333333333
2023-07-31,BUY,MOX,2023-07-31,0.008333333333333333
2023-07-31,BUY,RDS,2023-07-31,0.008333333333333333
2023-07-31,BUY,REB,2023-07-31,0.008333333333333333
2023-07-31,BUY,RIS,2023-07-31,0.008333333333333333
2023-07-31,BUY,SID,2023-07-31,0.008333333333333333
2023-07-31,BUY,SRM,2023-07-31,0.008333333333333333
2023-07-31,BUY,ZDJ,2023-07-31,0.008333333333333333
2023-08-31,SELL,ADI,2023-02-28,0.049999999999999996
2023-08-31,SELL,CDM,2023-02-28,0.049999999999999996
2023-08-31,SELL,JET,2023-02-28,0.049999999999999996
2023-08-31,BUY,ADH,2023-08-31,0.008333333333333333
2023-08-31,BUY,ADI,2023-08-31,0.008333333333333333
2023-08-31,BUY,ARD,2023-08-31,0.008333333333333333
2023-08-31,BUY,BCI,2023-08-31,0.008333333333333333
2023-08-31,BUY,BOA,2023-08-31,0.008333333333333333
2023-08-31,BUY,CDM,2023-08-31,0.008333333333333333
2023-08-31,BUY,CRS,2023-08-31,0.008333333333333333
2023-08-31,BUY,DHO,2023-08-31,0.008333333333333333
2023-08-31,BUY,EQD,2023-08-31,0.008333333333333333
2023-08-31,BUY,IMO,2023-08-31,0.008333333333333333
2023-08-31,BUY,INV,2023-08-31,0.008333333333333333
2023-08-31,BUY,JET,2023-08-31,0.008333333333333333
2023-08-31,BUY,MLE,2023-08-31,0.008333333333333333
2023-08-31,BUY,MOX,2023-08-31,0.008333333333333333
2023-08-31,BUY,RDS,2023-08-31,0.008333333333333333
2023-08-31,BUY,REB,2023-08-31,0.008333333333333333
2023-08-31,BUY,RIS,2023-08-31,0.008333333333333333
2023-08-31,BUY,SID,2023-08-31,0.008333333333333333
2023-08-31,BUY,SRM,2023-08-31,0.008333333333333333
2023-08-31,BUY,ZDJ,2023-08-31,0.008333333333333333
2023-09-30,SELL,ADI,2023-03-31,0.049999999999999996
2023-09-30,SELL,CDM,2023-03-31,0.049999999999999996
2023-09-30,SELL,JET,2023-03-31,0.049999999999999996
2023-09-30,BUY,ADH,2023-09-30,0.008333333333333333
2023-09-30,BUY,ADI,2023-09-30,0.008333333333333333
2023-09-30,BUY,ARD,2023-09-30,0.008333333333333333
2023-09-30,BUY,BCI,2023-09-30,0.008333333333333333
2023-09-30,BUY,BOA,2023-09-30,0.008333333333333333
2023-09-30,BUY,CDM,2023-09-30,0.008333333333333333
2023-09-30,BUY,CRS,2023-09-30,0.008333333333333333
2023-09-30,BUY,DHO,2023-09-30,0.008333333333333333
2023-09-30,BUY,EQD,2023-09-30,0.008333333333333333
2023-09-30,BUY,IMO,2023-09-30,0.008333333333333333
2023-09-30,BUY,INV,2023-09-30,0.008333333333333333
2023-09-30,BUY,JET,2023-09-30,0.008333333333333333
2023-09-30,BUY,MLE,2023-09-30,0.008333333333333333
2023-09-30,BUY,MOX,2023-09-30,0.008333333333333333
2023-09-30,BUY,RDS,2023-09-30,0.008333333333333333
2023-09-30,BUY,REB,2023-09-30,0.008333333333333333
2023-09-30,BUY,RIS,2023-09-30,0.008333333333333333
2023-09-30,BUY,SID,2023-09-30,0.008333333333333333
2023-09-30,BUY,SRM,2023-09-30,0.008333333333333333
2023-09-30,BUY,ZDJ,2023-09-30,0.008333333333333333
2023-10-31,SELL,ADI,2023-04-30,0.008333333333333333
2023-10-31,SELL,ARD,2023-04-30,0.008333333333333333
2023-10-31,SELL,ATW,2023-04-30,0.008333333333333333
2023-10-31,SELL,BCI,2023-04-30,0.008333333333333333
2023-10-31,SELL,BCP,2023-04-30,0.008333333333333333
2023-10-31,SELL,BOA,2023-04-30,0.008333333333333333
2023-10-31,SELL,CDM,2023-04-30,0.008333333333333333
2023-10-31,SELL,CRS,2023-04-30,0.008333333333333333
2023-10-31,SELL,DHO,2023-04-30,0.008333333333333333
2023-10-31,SELL,EQD,2023-04-30,0.008333333333333333
2023-10-31,SELL,INV,2023-04-30,0.008333333333333333
2023-10-31,SELL,JET,2023-04-30,0.008333333333333333
2023-10-31,SELL,MLE,2023-04-30,0.008333333333333333
2023-10-31,SELL,MOX,2023-04-30,0.008333333333333333
2023-10-31,SELL,RDS,2023-04-30,0.008333333333333333
2023-10-31,SELL,REB,2023-04-30,0.008333333333333333
2023-10-31,SELL,RIS,2023-04-30,0.008333333333333333
2023-10-31,SELL,SID,2023-04-30,0.008333333333333333
2023-10-31,SELL,SRM,2023-04-30,0.008333333333333333
2023-10-31,SELL,ZDJ,2023-04-30,0.008333333333333333
2023-10-31,BUY,ADH,2023-10-31,0.008333333333333333
2023-10-31,BUY,ADI,2023-10-31,0.008333333333333333
2023-10-31,BUY,ARD,2023-10-31,0.008333333333333333
2023-10-31,BUY,BCI,2023-10-31,0.008333333333333333
2023-10-31,BUY,BOA,2023-10-31,0.008333333333333333
2023-10-31,BUY,CDM,2023-10-31,0.008333333333333333
2023-10-31,BUY,CRS,2023-10-31,0.008333333333333333
2023-10-31,BUY,DHO,2023-10-31,0.008333333333333333
2023-10-31,BUY,EQD,2023-10-31,0.008333333333333333
2023-10-31,BUY,IMO,2023-10-31,0.008333333333333333
2023-10-31,BUY,INV,2023-10-31,0.008333333333333333
2023-10-31,BUY,JET,2023-10-31,0.008333333333333333
2023-10-31,BUY,MLE,2023-10-31,0.008333333333333333
2023-10-31,BUY,MOX,2023-10-31,0.008333333333333333
2023-10-31,BUY,RDS,2023-10-31,0.008333333333333333
2023-10-31,BUY,REB,2023-10-31,0.008333333333333333
2023-10-31,BUY,RIS,2023-10-31,0.008333333333333333
2023-10-31,BUY,SID,2023-10-31,0.008333333333333333
2023-10-31,BUY,SRM,2023-10-31,0.008333333333333333
2023-10-31,BUY,ZDJ,2023-10-31,0.008333333333333333
2023-11-30,SELL,ADH,2023-05-31,0.008333333333333333
2023-11-30,SELL,ADI,2023-05-31,0.008333333333333333
2023-11-30,SELL,ARD,2023-05-31,0.008333333333333333
2023-11-30,SELL,ATW,2023-05-31,0.008333333333333333
2023-11-30,SELL,BCI,2023-05-31,0.008333333333333333
2023-11-30,SELL,BCP,2023-05-31,0.008333333333333333
2023-11-30,SELL,CDM,2023-05-31,0.008333333333333333
2023-11-30,SELL,CRS,2023-05-31,0.008333333333333333
2023-11-30,SELL,DHO,2023-05-31,0.008333333333333333
2023-11-30,SELL,EQD,2023-05-31,0.008333333333333333
2023-11-30,SELL,INV,2023-05-31,0.008333333333333333
2023-11-30,SELL,JET,2023-05-31,0.008333333333333333
2023-11-30,SELL,MLE,2023-05-31,0.008333333333333333
2023-11-30,SELL,MOX,2023-05-31,0.008333333333333333
2023-11-30,SELL,RDS,2023-05-31,0.008333333333333333
2023-11-30,SELL,REB,2023-05-31,0.008333333333333333
2023-11-30,SELL,RIS,2023-05-31,0.008333333333333333
2023-11-30,SELL,SID,2023-05-31,0.008333333333333333
2023-11-30,SELL,SRM,2023-05-31,0.008333333333333333
2023-11-30,SELL,ZDJ,2023-05-31,0.008333333333333333
2023-11-30,BUY,ADH,2023-11-30,0.008333333333333333
2023-11-30,BUY,ADI,2023-11-30,0.008333333333333333
2023-11-30,BUY,ARD,2023-11-30,0.008333333333333333
2023-11-30,BUY,BCI,2023-11-30,0.008333333333333333
2023-11-30,BUY,BOA,2023-11-30,0.008333333333333333
2023-11-30,BUY,CDM,2023-11-30,0.008333333333333333
2023-11-30,BUY,CRS,2023-11-30,0.008333333333333333
2023-11-30,BUY,DHO,2023-11-30,0.008333333333333333
2023-11-30,BUY,EQD,2023-11-30,0.008333333333333333
2023-11-30,BUY,IMO,2023-11-30,0.008333333333333333
2023-11-30,BUY,INV,2023-11-30,0.008333333333333333
2023-11-30,BUY,JET,2023-11-30,0.008333333333333333
2023-11-30,BUY,MLE,2023-11-30,0.008333333333333333
2023-11-30,BUY,MOX,2023-11-30,0.008333333333333333
2023-11-30,BUY,RDS,2023-11-30,0.008333333333333333
2023-11-30,BUY,REB,2023-11-30,0.008333333333333333
2023-11-30,BUY,RIS,2023-11-30,0.008333333333333333
2023-11-30,BUY,SID,2023-11-30,0.008333333333333333
2023-11-30,BUY,SRM,2023-11-30,0.008333333333333333
2023-11-30,BUY,ZDJ,2023-11-30,0.008333333333333333
2023-12-31,SELL,ADH,2023-06-30,0.008333333333333333
2023-12-31,SELL,ADI,2023-06-30,0.008333333333333333
2023-12-31,SELL,ARD,2023-06-30,0.008333333333333333
2023-12-31,SELL,ATW,2023-06-30,0.008333333333333333
2023-12-31,SELL,BCI,2023-06-30,0.008333333333333333
2023-12-31,SELL,BOA,2023-06-30,0.008333333333333333
2023-12-31,SELL,CDM,2023-06-30,0.008333333333333333
2023-12-31,SELL,CRS,2023-06-30,0.008333333333333333
2023-12-31,SELL,DHO,2023-06-30,0.008333333333333333
2023-12-31,SELL,EQD,2023-06-30,0.008333333333333333
2023-12-31,SELL,INV,2023-06-30,0.008333333333333333
2023-12-31,SELL,JET,2023-06-30,0.008333333333333333
2023-12-31,SELL,MLE,2023-06-30,0.008333333333333333
2023-12-31,SELL,MOX,2023-06-30,0.008333333333333333
2023-12-31,SELL,RDS,2023-06-30,0.008333333333333333
2023-12-31,SELL,REB,2023-06-30,0.008333333333333333
2023-12-31,SELL,RIS,2023-06-30,0.008333333333333333
2023-12-31,SELL,SID,2023-06-30,0.008333333333333333
2023-12-31,SELL,SRM,2023-06-30,0.008333333333333333
2023-12-31,SELL,ZDJ,2023-06-30,0.008333333333333333
2023-12-31,BUY,ADH,2023-12-31,0.008333333333333333
2023-12-31,BUY,ADI,2023-12-31,0.008333333333333333
2023-12-31,BUY,AKT,2023-12-31,0.008333333333333333
2023-12-31,BUY,ARD,2023-12-31,0.008333333333333333
2023-12-31,BUY,BCI,2023-12-31,0.008333333333333333
2023-12-31,BUY,BOA,2023-12-31,0.008333333333333333
2023-12-31,BUY,CDM,2023-12-31,0.008333333333333333
2023-12-31,BUY,CRS,2023-12-31,0.008333333333333333
2023-12-31,BUY,DHO,2023-12-31,0.008333333333333333
2023-12-31,BUY,EQD,2023-12-31,0.008333333333333333
2023-12-31,BUY,INV,2023-12-31,0.008333333333333333
2023-12-31,BUY,JET,2023-12-31,0.008333333333333333
2023-12-31,BUY,MLE,2023-12-31,0.008333333333333333
2023-12-31,BUY,MOX,2023-12-31,0.008333333333333333
2023-12-31,BUY,RDS,2023-12-31,0.008333333333333333
2023-12-31,BUY,REB,2023-12-31,0.008333333333333333
2023-12-31,BUY,RIS,2023-12-31,0.008333333333333333
2023-12-31,BUY,SID,2023-12-31,0.008333333333333333
2023-12-31,BUY,SRM,2023-12-31,0.008333333333333333
2023-12-31,BUY,ZDJ,2023-12-31,0.008333333333333333
2024-01-31,SELL,ADH,2023-07-31,0.008333333333333333
2024-01-31,SELL,ADI,2023-07-31,0.008333333333333333
2024-01-31,SELL,ARD,2023-07-31,0.008333333333333333
2024-01-31,SELL,BCI,2023-07-31,0.008333333333333333
2024-01-31,SELL,BCP,2023-07-31,0.008333333333333333
2024-01-31,SELL,BOA,2023-07-31,0.008333333333333333
2024-01-31,SELL,CDM,2023-07-31,0.008333333333333333
2024-01-31,SELL,CRS,2023-07-31,0.008333333333333333
2024-01-31,SELL,DHO,2023-07-31,0.008333333333333333
2024-01-31,SELL,EQD,2023-07-31,0.008333333333333333
2024-01-31,SELL,INV,2023-07-31,0.008333333333333333
2024-01-31,SELL,JET,2023-07-31,0.008333333333333333
2024-01-31,SELL,MLE,2023-07-31,0.008333333333333333
2024-01-31,SELL,MOX,2023-07-31,0.008333333333333333
2024-01-31,SELL,RDS,2023-07-31,0.008333333333333333
2024-01-31,SELL,REB,2023-07-31,0.008333333333333333
2024-01-31,SELL,RIS,2023-07-31,0.008333333333333333
2024-01-31,SELL,SID,2023-07-31,0.008333333333333333
2024-01-31,SELL,SRM,2023-07-31,0.008333333333333333
2024-01-31,SELL,ZDJ,2023-07-31,0.008333333333333333
2024-01-31,BUY,ADH,2024-01-31,0.008333333333333333
2024-01-31,BUY,ADI,2024-01-31,0.008333333333333333
2024-01-31,BUY,AKT,2024-01-31,0.008333333333333333
2024-01-31,BUY,ARD,2024-01-31,0.008333333333333333
2024-01-31,BUY,BCI,2024-01-31,0.008333333333333333
2024-01-31,BUY,BCP,2024-01-31,0.008333333333333333
2024-01-31,BUY,CDM,2024-01-31,0.008333333333333333
2024-01-31,BUY,CRS,2024-01-31,0.008333333333333333
2024-01-31,BUY,DHO,2024-01-31,0.008333333333333333
2024-01-31,BUY,EQD,2024-01-31,0.008333333333333333
2024-01-31,BUY,INV,2024-01-31,0.008333333333333333
2024-01-31,BUY,JET,2024-01-31,0.008333333333333333
2024-01-31,BUY,MLE,2024-01-31,0.008333333333333333
2024-01-31,BUY,MOX,2024-01-31,0.008333333333333333
2024-01-31,BUY,RDS,2024-01-31,0.008333333333333333
2024-01-31,BUY,REB,2024-01-31,0.008333333333333333
2024-01-31,BUY,RIS,2024-01-31,0.008333333333333333
2024-01-31,BUY,SID,2024-01-31,0.008333333333333333
2024-01-31,BUY,SRM,2024-01-31,0.008333333333333333
2024-01-31,BUY,ZDJ,2024-01-31,0.008333333333333333
2024-02-29,SELL,ADH,2023-08-31,0.008333333333333333
2024-02-29,SELL,ADI,2023-08-31,0.008333333333333333
2024-02-29,SELL,ARD,2023-08-31,0.008333333333333333
2024-02-29,SELL,BCI,2023-08-31,0.008333333333333333
2024-02-29,SELL,BOA,2023-08-31,0.008333333333333333
2024-02-29,SELL,CDM,2023-08-31,0.008333333333333333
2024-02-29,SELL,CRS,2023-08-31,0.008333333333333333
2024-02-29,SELL,DHO,2023-08-31,0.008333333333333333
2024-02-29,SELL,EQD,2023-08-31,0.008333333333333333
2024-02-29,SELL,IMO,2023-08-31,0.008333333333333333
2024-02-29,SELL,INV,2023-08-31,0.008333333333333333
2024-02-29,SELL,JET,2023-08-31,0.008333333333333333
2024-02-29,SELL,MLE,2023-08-31,0.008333333333333333
2024-02-29,SELL,MOX,2023-08-31,0.008333333333333333
2024-02-29,SELL,RDS,2023-08-31,0.008333333333333333
2024-02-29,SELL,REB,2023-08-31,0.008333333333333333
2024-02-29,SELL,RIS,2023-08-31,0.008333333333333333
2024-02-29,SELL,SID,2023-08-31,0.008333333333333333
2024-02-29,SELL,SRM,2023-08-31,0.008333333333333333
2024-02-29,SELL,ZDJ,2023-08-31,0.008333333333333333
2024-02-29,BUY,ADH,2024-02-29,0.008333333333333333
2024-02-29,BUY,ADI,2024-02-29,0.008333333333333333
2024-02-29,BUY,AKT,2024-02-29,0.008333333333333333
2024-02-29,BUY,ARD,2024-02-29,0.008333333333333333
2024-02-29,BUY,BCI,2024-02-29,0.008333333333333333
2024-02-29,BUY,BOA,2024-02-29,0.008333333333333333
2024-02-29,BUY,CDM,2024-02-29,0.008333333333333333
2024-02-29,BUY,CRS,2024-02-29,0.008333333333333333
2024-02-29,BUY,DHO,2024-02-29,0.008333333333333333
2024-02-29,BUY,EQD,2024-02-29,0.008333333333333333
2024-02-29,BUY,INV,2024-02-29,0.008333333333333333
2024-02-29,BUY,JET,2024-02-29,0.008333333333333333
2024-02-29,BUY,MLE,2024-02-29,0.008333333333333333
2024-02-29,BUY,MOX,2024-02-29,0.008333333333333333
2024-02-29,BUY,RDS,2024-02-29,0.008333333333333333
2024-02-29,BUY,REB,2024-02-29,0.008333333333333333
2024-02-29,BUY,RIS,2024-02-29,0.008333333333333333
2024-02-29,BUY,SID,2024-02-29,0.008333333333333333
2024-02-29,BUY,SRM,2024-02-29,0.008333333333333333
2024-02-29,BUY,ZDJ,2024-02-29,0.008333333333333333
2024-03-31,SELL,ADH,2023-09-30,0.008333333333333333
2024-03-31,SELL,ADI,2023-09-30,0.008333333333333333
2024-03-31,SELL,ARD,2023-09-30,0.008333333333333333
2024-03-31,SELL,BCI,2023-09-30,0.008333333333333333
2024-03-31,SELL,BOA,2023-09-30,0.008333333333333333
2024-03-31,SELL,CDM,2023-09-30,0.008333333333333333
2024-03-31,SELL,CRS,2023-09-30,0.008333333333333333
2024-03-31,SELL,DHO,2023-09-30,0.008333333333333333
2024-03-31,SELL,EQD,2023-09-30,0.008333333333333333
2024-03-31,SELL,IMO,2023-09-30,0.008333333333333333
2024-03-31,SELL,INV,2023-09-30,0.008333333333333333
2024-03-31,SELL,JET,2023-09-30,0.008333333333333333
2024-03-31,SELL,MLE,2023-09-30,0.008333333333333333
2024-03-31,SELL,MOX,2023-09-30,0.008333333333333333
2024-03-31,SELL,RDS,2023-09-30,0.008333333333333333
2024-03-31,SELL,REB,2023-09-30,0.008333333333333333
2024-03-31,SELL,RIS,2023-09-30,0.008333333333333333
2024-03-31,SELL,SID,2023-09-30,0.008333333333333333
2024-03-31,SELL,SRM,2023-09-30,0.008333333333333333
2024-03-31,SELL,ZDJ,2023-09-30,0.008333333333333333
2024-03-31,BUY,ADH,2024-03-31,0.008333333333333333
2024-03-31,BUY,ADI,2024-03-31,0.008333333333333333
2024-03-31,BUY,ARD,2024-03-31,0.008333333333333333
2024-03-31,BUY,BCI,2024-03-31,0.008333333333333333
2024-03-31,BUY,BCP,2024-03-31,0.008333333333333333
2024-03-31,BUY,BOA,2024-03-31,0.008333333333333333
2024-03-31,BUY,CDM,2024-03-31,0.008333333333333333
2024-03-31,BUY,CRS,2024-03-31,0.008333333333333333
2024-03-31,BUY,DYT,2024-03-31,0.008333333333333333
2024-03-31,BUY,EQD,2024-03-31,0.008333333333333333
2024-03-31,BUY,FBR,2024-03-31,0.008333333333333333
2024-03-31,BUY,IMO,2024-03-31,0.008333333333333333
2024-03-31,BUY,INV,2024-03-31,0.008333333333333333
2024-03-31,BUY,JET,2024-03-31,0.008333333333333333
2024-03-31,BUY,MLE,2024-03-31,0.008333333333333333
2024-03-31,BUY,MOX,2024-03-31,0.008333333333333333
2024-03-31,BUY,RDS,2024-03-31,0.008333333333333333
2024-03-31,BUY,REB,2024-03-31,0.008333333333333333
2024-03-31,BUY,SRM,2024-03-31,0.008333333333333333
2024-03-31,BUY,ZDJ,2024-03-31,0.008333333333333333
2024-04-30,SELL,ADH,2023-10-31,0.008333333333333333
2024-04-30,SELL,ADI,2023-10-31,0.008333333333333333
2024-04-30,SELL,ARD,2023-10-31,0.008333333333333333
2024-04-30,SELL,BCI,2023-10-31,0.008333333333333333
2024-04-30,SELL,BOA,2023-10-31,0.008333333333333333
2024-04-30,SELL,CDM,2023-10-31,0.008333333333333333
2024-04-30,SELL,CRS,2023-10-31,0.008333333333333333
2024-04-30,SELL,DHO,2023-10-31,0.008333333333333333
2024-04-30,SELL,EQD,2023-10-31,0.008333333333333333
2024-04-30,SELL,IMO,2023-10-31,0.008333333333333333
2024-04-30,SELL,INV,2023-10-31,0.008333333333333333
2024-04-30,SELL,JET,2023-10-31,0.008333333333333333
2024-04-30,SELL,MLE,2023-10-31,0.008333333333333333
2024-04-30,SELL,MOX,2023-10-31,0.008333333333333333
2024-04-30,SELL,RDS,2023-10-31,0.008333333333333333
2024-04-30,SELL,REB,2023-10-31,0.008333333333333333
2024-04-30,SELL,RIS,2023-10-31,0.008333333333333333
2024-04-30,SELL,SID,2023-10-31,0.008333333333333333
2024-04-30,SELL,SRM,2023-10-31,0.008333333333333333
2024-04-30,SELL,ZDJ,2023-10-31,0.008333333333333333
2024-04-30,BUY,ADH,2024-04-30,0.008333333333333333
2024-04-30,BUY,ADI,2024-04-30,0.008333333333333333
2024-04-30,BUY,AKT,2024-04-30,0.008333333333333333
2024-04-30,BUY,ARD,2024-04-30,0.008333333333333333
2024-04-30,BUY,ATW,2024-04-30,0.008333333333333333
2024-04-30,BUY,BCI,2024-04-30,0.008333333333333333
2024-04-30,BUY,BCP,2024-04-30,0.008333333333333333
2024-04-30,BUY,BOA,2024-04-30,0.008333333333333333
2024-04-30,BUY,CDM,2024-04-30,0.008333333333333333
2024-04-30,BUY,CIH,2024-04-30,0.008333333333333333
2024-04-30,BUY,DHO,2024-04-30,0.008333333333333333
2024-04-30,BUY,DYT,2024-04-30,0.008333333333333333
2024-04-30,BUY,EQD,2024-04-30,0.008333333333333333
2024-04-30,BUY,JET,2024-04-30,0.008333333333333333
2024-04-30,BUY,LHM,2024-04-30,0.008333333333333333
2024-04-30,BUY,MLE,2024-04-30,0.008333333333333333
2024-04-30,BUY,MUT,2024-04-30,0.008333333333333333
2024-04-30,BUY,RDS,2024-04-30,0.008333333333333333
2024-04-30,BUY,RIS,2024-04-30,0.008333333333333333
2024-04-30,BUY,SID,2024-04-30,0.008333333333333333
2024-05-31,SELL,ADH,2023-11-30,0.008333333333333333
2024-05-31,SELL,ADI,2023-11-30,0.008333333333333333
2024-05-31,SELL,ARD,2023-11-30,0.008333333333333333
2024-05-31,SELL,BCI,2023-11-30,0.008333333333333333
2024-05-31,SELL,BOA,2023-11-30,0.008333333333333333
2024-05-31,SELL,CDM,2023-11-30,0.008333333333333333
2024-05-31,SELL,CRS,2023-11-30,0.008333333333333333
2024-05-31,SELL,DHO,2023-11-30,0.008333333333333333
2024-05-31,SELL,EQD,2023-11-30,0.008333333333333333
2024-05-31,SELL,IMO,2023-11-30,0.008333333333333333
2024-05-31,SELL,INV,2023-11-30,0.008333333333333333
2024-05-31,SELL,JET,2023-11-30,0.008333333333333333
2024-05-31,SELL,MLE,2023-11-30,0.008333333333333333
2024-05-31,SELL,MOX,2023-11-30,0.008333333333333333
2024-05-31,SELL,RDS,2023-11-30,0.008333333333333333
2024-05-31,SELL,REB,2023-11-30,0.008333333333333333
2024-05-31,SELL,RIS,2023-11-30,0.008333333333333333
2024-05-31,SELL,SID,2023-11-30,0.008333333333333333
2024-05-31,SELL,SRM,2023-11-30,0.008333333333333333
2024-05-31,SELL,ZDJ,2023-11-30,0.008333333333333333
2024-05-31,BUY,ADH,2024-05-31,0.008333333333333333
2024-05-31,BUY,ADI,2024-05-31,0.008333333333333333
2024-05-31,BUY,AKT,2024-05-31,0.008333333333333333
2024-05-31,BUY,ARD,2024-05-31,0.008333333333333333
2024-05-31,BUY,ATW,2024-05-31,0.008333333333333333
2024-05-31,BUY,BCI,2024-05-31,0.008333333333333333
2024-05-31,BUY,BCP,2024-05-31,0.008333333333333333
2024-05-31,BUY,BOA,2024-05-31,0.008333333333333333
2024-05-31,BUY,CDM,2024-05-31,0.008333333333333333
2024-05-31,BUY,CIH,2024-05-31,0.008333333333333333
2024-05-31,BUY,DHO,2024-05-31,0.008333333333333333
2024-05-31,BUY,DYT,2024-05-31,0.008333333333333333
2024-05-31,BUY,EQD,2024-05-31,0.008333333333333333
2024-05-31,BUY,INV,2024-05-31,0.008333333333333333
2024-05-31,BUY,JET,2024-05-31,0.008333333333333333
2024-05-31,BUY,MLE,2024-05-31,0.008333333333333333
2024-05-31,BUY,RDS,2024-05-31,0.008333333333333333
2024-05-31,BUY,RIS,2024-05-31,0.008333333333333333
2024-05-31,BUY,SID,2024-05-31,0.008333333333333333
2024-05-31,BUY,SMI,2024-05-31,0.008333333333333333
2024-06-30,SELL,ADH,2023-12-31,0.008333333333333333
2024-06-30,SELL,ADI,2023-12-31,0.008333333333333333
2024-06-30,SELL,AKT,2023-12-31,0.008333333333333333
2024-06-30,SELL,ARD,2023-12-31,0.008333333333333333
2024-06-30,SELL,BCI,2023-12-31,0.008333333333333333
2024-06-30,SELL,BOA,2023-12-31,0.008333333333333333
2024-06-30,SELL,CDM,2023-12-31,0.008333333333333333
2024-06-30,SELL,CRS,2023-12-31,0.008333333333333333
2024-06-30,SELL,DHO,2023-12-31,0.008333333333333333
2024-06-30,SELL,EQD,2023-12-31,0.008333333333333333
2024-06-30,SELL,INV,2023-12-31,0.008333333333333333
2024-06-30,SELL,JET,2023-12-31,0.008333333333333333
2024-06-30,SELL,MLE,2023-12-31,0.008333333333333333
2024-06-30,SELL,MOX,2023-12-31,0.008333333333333333
2024-06-30,SELL,RDS,2023-12-31,0.008333333333333333
2024-06-30,SELL,REB,2023-12-31,0.008333333333333333
2024-06-30,SELL,RIS,2023-12-31,0.008333333333333333
2024-06-30,SELL,SID,2023-12-31,0.008333333333333333
2024-06-30,SELL,SRM,2023-12-31,0.008333333333333333
2024-06-30,SELL,ZDJ,2023-12-31,0.008333333333333333
2024-06-30,BUY,ADH,2024-06-30,0.008333333333333333
2024-06-30,BUY,ADI,2024-06-30,0.008333333333333333
2024-06-30,BUY,AKT,2024-06-30,0.008333333333333333
2024-06-30,BUY,ARD,2024-06-30,0.008333333333333333
2024-06-30,BUY,ATW,2024-06-30,0.008333333333333333
2024-06-30,BUY,BCI,2024-06-30,0.008333333333333333
2024-06-30,BUY,BCP,2024-06-30,0.008333333333333333
2024-06-30,BUY,BOA,2024-06-30,0.008333333333333333
2024-06-30,BUY,CDM,2024-06-30,0.008333333333333333
2024-06-30,BUY,CRS,2024-06-30,0.008333333333333333
2024-06-30,BUY,DHO,2024-06-30,0.008333333333333333
2024-06-30,BUY,DYT,2024-06-30,0.008333333333333333
2024-06-30,BUY,EQD,2024-06-30,0.008333333333333333
2024-06-30,BUY,FBR,2024-06-30,0.008333333333333333
2024-06-30,BUY,JET,2024-06-30,0.008333333333333333
2024-06-30,BUY,MLE,2024-06-30,0.008333333333333333
2024-06-30,BUY,RDS,2024-06-30,0.008333333333333333
2024-06-30,BUY,RIS,2024-06-30,0.008333333333333333
2024-06-30,BUY,SID,2024-06-30,0.008333333333333333
2024-06-30,BUY,SMI,2024-06-30,0.008333333333333333
2024-07-31,SELL,ADH,2024-01-31,0.008333333333333333
2024-07-31,SELL,ADI,2024-01-31,0.008333333333333333
2024-07-31,SELL,AKT,2024-01-31,0.008333333333333333
2024-07-31,SELL,ARD,2024-01-31,0.008333333333333333
2024-07-31,SELL,BCI,2024-01-31,0.008333333333333333
2024-07-31,SELL,BCP,2024-01-31,0.008333333333333333
2024-07-31,SELL,CDM,2024-01-31,0.008333333333333333
2024-07-31,SELL,CRS,2024-01-31,0.008333333333333333
2024-07-31,SELL,DHO,2024-01-31,0.008333333333333333
2024-07-31,SELL,EQD,2024-01-31,0.008333333333333333
2024-07-31,SELL,INV,2024-01-31,0.008333333333333333
2024-07-31,SELL,JET,2024-01-31,0.008333333333333333
2024-07-31,SELL,MLE,2024-01-31,0.008333333333333333
2024-07-31,SELL,MOX,2024-01-31,0.008333333333333333
2024-07-31,SELL,RDS,2024-01-31,0.008333333333333333
2024-07-31,SELL,REB,2024-01-31,0.008333333333333333
2024-07-31,SELL,RIS,2024-01-31,0.008333333333333333
2024-07-31,SELL,SID,2024-01-31,0.008333333333333333
2024-07-31,SELL,SRM,2024-01-31,0.008333333333333333
2024-07-31,SELL,ZDJ,2024-01-31,0.008333333333333333
2024-07-31,BUY,ADH,2024-07-31,0.008333333333333333
2024-07-31,BUY,ADI,2024-07-31,0.008333333333333333
2024-07-31,BUY,AKT,2024-07-31,0.008333333333333333
2024-07-31,BUY,ARD,2024-07-31,0.008333333333333333
2024-07-31,BUY,ATW,2024-07-31,0.008333333333333333
2024-07-31,BUY,BCI,2024-07-31,0.008333333333333333
2024-07-31,BUY,BCP,2024-07-31,0.008333333333333333
2024-07-31,BUY,CDM,2024-07-31,0.008333333333333333
2024-07-31,BUY,CRS,2024-07-31,0.008333333333333333
2024-07-31,BUY,DHO,2024-07-31,0.008333333333333333
2024-07-31,BUY,DYT,2024-07-31,0.008333333333333333
2024-07-31,BUY,EQD,2024-07-31,0.008333333333333333
2024-07-31,BUY,JET,2024-07-31,0.008333333333333333
2024-07-31,BUY,MLE,2024-07-31,0.008333333333333333
2024-07-31,BUY,MNG,2024-07-31,0.008333333333333333
2024-07-31,BUY,MOX,2024-07-31,0.008333333333333333
2024-07-31,BUY,RDS,2024-07-31,0.008333333333333333
2024-07-31,BUY,RIS,2024-07-31,0.008333333333333333
2024-07-31,BUY,SID,2024-07-31,0.008333333333333333
2024-07-31,BUY,SMI,2024-07-31,0.008333333333333333
2024-08-31,SELL,ADH,2024-02-29,0.008333333333333333
2024-08-31,SELL,ADI,2024-02-29,0.008333333333333333
2024-08-31,SELL,AKT,2024-02-29,0.008333333333333333
2024-08-31,SELL,ARD,2024-02-29,0.008333333333333333
2024-08-31,SELL,BCI,2024-02-29,0.008333333333333333
2024-08-31,SELL,BOA,2024-02-29,0.008333333333333333
2024-08-31,SELL,CDM,2024-02-29,0.008333333333333333
2024-08-31,SELL,CRS,2024-02-29,0.008333333333333333
2024-08-31,SELL,DHO,2024-02-29,0.008333333333333333
2024-08-31,SELL,EQD,2024-02-29,0.008333333333333333
2024-08-31,SELL,INV,2024-02-29,0.008333333333333333
2024-08-31,SELL,JET,2024-02-29,0.008333333333333333
2024-08-31,SELL,MLE,2024-02-29,0.008333333333333333
2024-08-31,SELL,MOX,2024-02-29,0.008333333333333333
2024-08-31,SELL,RDS,2024-02-29,0.008333333333333333
2024-08-31,SELL,REB,2024-02-29,0.008333333333333333
2024-08-31,SELL,RIS,2024-02-29,0.008333333333333333
2024-08-31,SELL,SID,2024-02-29,0.008333333333333333
2024-08-31,SELL,SRM,2024-02-29,0.008333333333333333
2024-08-31,SELL,ZDJ,2024-02-29,0.008333333333333333
2024-08-31,BUY,ADH,2024-08-31,0.008333333333333333
2024-08-31,BUY,ADI,2024-08-31,0.008333333333333333
2024-08-31,BUY,AKT,2024-08-31,0.008333333333333333
2024-08-31,BUY,ARD,2024-08-31,0.008333333333333333
2024-08-31,BUY,ATW,2024-08-31,0.008333333333333333
2024-08-31,BUY,BCI,2024-08-31,0.008333333333333333
2024-08-31,BUY,BCP,2024-08-31,0.008333333333333333
2024-08-31,BUY,CDM,2024-08-31,0.008333333333333333
2024-08-31,BUY,CIH,2024-08-31,0.008333333333333333
2024-08-31,BUY,CRS,2024-08-31,0.008333333333333333
2024-08-31,BUY,DHO,2024-08-31,0.008333333333333333
2024-08-31,BUY,DYT,2024-08-31,0.008333333333333333
2024-08-31,BUY,JET,2024-08-31,0.008333333333333333
2024-08-31,BUY,MAB,2024-08-31,0.008333333333333333
2024-08-31,BUY,MLE,2024-08-31,0.008333333333333333
2024-08-31,BUY,MNG,2024-08-31,0.008333333333333333
2024-08-31,BUY,RDS,2024-08-31,0.008333333333333333
2024-08-31,BUY,SID,2024-08-31,0.008333333333333333
2024-08-31,BUY,SMI,2024-08-31,0.008333333333333333
2024-08-31,BUY,SRM,2024-08-31,0.008333333333333333
2024-09-30,SELL,ADH,2024-03-31,0.008333333333333333
2024-09-30,SELL,ADI,2024-03-31,0.008333333333333333
2024-09-30,SELL,ARD,2024-03-31,0.008333333333333333
2024-09-30,SELL,BCI,2024-03-31,0.008333333333333333
2024-09-30,SELL,BCP,2024-03-31,0.008333333333333333
2024-09-30,SELL,BOA,2024-03-31,0.008333333333333333
2024-09-30,SELL,CDM,2024-03-31,0.008333333333333333
2024-09-30,SELL,CRS,2024-03-31,0.008333333333333333
2024-09-30,SELL,DYT,2024-03-31,0.008333333333333333
2024-09-30,SELL,EQD,2024-03-31,0.008333333333333333
2024-09-30,SELL,FBR,2024-03-31,0.008333333333333333
2024-09-30,SELL,IMO,2024-03-31,0.008333333333333333
2024-09-30,SELL,INV,2024-03-31,0.008333333333333333
2024-09-30,SELL,JET,2024-03-31,0.008333333333333333
2024-09-30,SELL,MLE,2024-03-31,0.008333333333333333
2024-09-30,SELL,MOX,2024-03-31,0.008333333333333333
2024-09-30,SELL,RDS,2024-03-31,0.008333333333333333
2024-09-30,SELL,REB,2024-03-31,0.008333333333333333
2024-09-30,SELL,SRM,2024-03-31,0.008333333333333333
2024-09-30,SELL,ZDJ,2024-03-31,0.008333333333333333
2024-09-30,BUY,ADH,2024-09-30,0.008333333333333333
2024-09-30,BUY,ADI,2024-09-30,0.008333333333333333
2024-09-30,BUY,ARD,2024-09-30,0.008333333333333333
2024-09-30,BUY,ATW,2024-09-30,0.008333333333333333
2024-09-30,BUY,BCI,2024-09-30,0.008333333333333333
2024-09-30,BUY,BCP,2024-09-30,0.008333333333333333
2024-09-30,BUY,CDM,2024-09-30,0.008333333333333333
2024-09-30,BUY,CRS,2024-09-30,0.008333333333333333
2024-09-30,BUY,DHO,2024-09-30,0.008333333333333333
2024-09-30,BUY,DYT,2024-09-30,0.008333333333333333
2024-09-30,BUY,FBR,2024-09-30,0.008333333333333333
2024-09-30,BUY,INV,2024-09-30,0.008333333333333333
2024-09-30,BUY,JET,2024-09-30,0.008333333333333333
2024-09-30,BUY,MNG,2024-09-30,0.008333333333333333
2024-09-30,BUY,RDS,2024-09-30,0.008333333333333333
2024-09-30,BUY,S2M,2024-09-30,0.008333333333333333
2024-09-30,BUY,SID,2024-09-30,0.008333333333333333
2024-09-30,BUY,SMI,2024-09-30,0.008333333333333333
2024-09-30,BUY,SRM,2024-09-30,0.008333333333333333
2024-09-30,BUY,ZDJ,2024-09-30,0.008333333333333333
2024-10-31,SELL,ADH,2024-04-30,0.008333333333333333
2024-10-31,SELL,ADI,2024-04-30,0.008333333333333333
2024-10-31,SELL,AKT,2024-04-30,0.008333333333333333
2024-10-31,SELL,ARD,2024-04-30,0.008333333333333333
2024-10-31,SELL,ATW,2024-04-30,0.008333333333333333
2024-10-31,SELL,BCI,2024-04-30,0.008333333333333333
2024-10-31,SELL,BCP,2024-04-30,0.008333333333333333
2024-10-31,SELL,BOA,2024-04-30,0.008333333333333333
2024-10-31,SELL,CDM,2024-04-30,0.008333333333333333
2024-10-31,SELL,CIH,2024-04-30,0.008333333333333333
2024-10-31,SELL,DHO,2024-04-30,0.008333333333333333
2024-10-31,SELL,DYT,2024-04-30,0.008333333333333333
2024-10-31,SELL,EQD,2024-04-30,0.008333333333333333
2024-10-31,SELL,JET,2024-04-30,0.008333333333333333
2024-10-31,SELL,LHM,2024-04-30,0.008333333333333333
2024-10-31,SELL,MLE,2024-04-30,0.008333333333333333
2024-10-31,SELL,MUT,2024-04-30,0.008333333333333333
2024-10-31,SELL,RDS,2024-04-30,0.008333333333333333
2024-10-31,SELL,RIS,2024-04-30,0.008333333333333333
2024-10-31,SELL,SID,2024-04-30,0.008333333333333333
2024-10-31,BUY,ADH,2024-10-31,0.008333333333333333
2024-10-31,BUY,ADI,2024-10-31,0.008333333333333333
2024-10-31,BUY,ATW,2024-10-31,0.008333333333333333
2024-10-31,BUY,BCP,2024-10-31,0.008333333333333333
2024-10-31,BUY,CDM,2024-10-31,0.008333333333333333
2024-10-31,BUY,CRS,2024-10-31,0.008333333333333333
2024-10-31,BUY,DHO,2024-10-31,0.008333333333333333
2024-10-31,BUY,DYT,2024-10-31,0.008333333333333333
2024-10-31,BUY,FBR,2024-10-31,0.008333333333333333
2024-10-31,BUY,INV,2024-10-31,0.008333333333333333
2024-10-31,BUY,JET,2024-10-31,0.008333333333333333
2024-10-31,BUY,MNG,2024-10-31,0.008333333333333333
2024-10-31,BUY,MUT,2024-10-31,0.008333333333333333
2024-10-31,BUY,RDS,2024-10-31,0.008333333333333333
2024-10-31,BUY,REB,2024-10-31,0.008333333333333333
2024-10-31,BUY,S2M,2024-10-31,0.008333333333333333
2024-10-31,BUY,SID,2024-10-31,0.008333333333333333
2024-10-31,BUY,SMI,2024-10-31,0.008333333333333333
2024-10-31,BUY,SRM,2024-10-31,0.008333333333333333
2024-10-31,BUY,ZDJ,2024-10-31,0.008333333333333333
2024-11-30,SELL,ADH,2024-05-31,0.008333333333333333
2024-11-30,SELL,ADI,2024-05-31,0.008333333333333333
2024-11-30,SELL,AKT,2024-05-31,0.008333333333333333
2024-11-30,SELL,ARD,2024-05-31,0.008333333333333333
2024-11-30,SELL,ATW,2024-05-31,0.008333333333333333
2024-11-30,SELL,BCI,2024-05-31,0.008333333333333333
2024-11-30,SELL,BCP,2024-05-31,0.008333333333333333
2024-11-30,SELL,BOA,2024-05-31,0.008333333333333333
2024-11-30,SELL,CDM,2024-05-31,0.008333333333333333
2024-11-30,SELL,CIH,2024-05-31,0.008333333333333333
2024-11-30,SELL,DHO,2024-05-31,0.008333333333333333
2024-11-30,SELL,DYT,2024-05-31,0.008333333333333333
2024-11-30,SELL,EQD,2024-05-31,0.008333333333333333
2024-11-30,SELL,INV,2024-05-31,0.008333333333333333
2024-11-30,SELL,JET,2024-05-31,0.008333333333333333
2024-11-30,SELL,MLE,2024-05-31,0.008333333333333333
2024-11-30,SELL,RDS,2024-05-31,0.008333333333333333
2024-11-30,SELL,RIS,2024-05-31,0.008333333333333333
2024-11-30,SELL,SID,2024-05-31,0.008333333333333333
2024-11-30,SELL,SMI,2024-05-31,0.008333333333333333
2024-11-30,BUY,ADH,2024-11-30,0.008333333333333333
2024-11-30,BUY,ADI,2024-11-30,0.008333333333333333
2024-11-30,BUY,ARD,2024-11-30,0.008333333333333333
2024-11-30,BUY,ATW,2024-11-30,0.008333333333333333
2024-11-30,BUY,BCP,2024-11-30,0.008333333333333333
2024-11-30,BUY,CDM,2024-11-30,0.008333333333333333
2024-11-30,BUY,CRS,2024-11-30,0.008333333333333333
2024-11-30,BUY,DHO,2024-11-30,0.008333333333333333
2024-11-30,BUY,DYT,2024-11-30,0.008333333333333333
2024-11-30,BUY,FBR,2024-11-30,0.008333333333333333
2024-11-30,BUY,INV,2024-11-30,0.008333333333333333
2024-11-30,BUY,JET,2024-11-30,0.008333333333333333
2024-11-30,BUY,MNG,2024-11-30,0.008333333333333333
2024-11-30,BUY,MUT,2024-11-30,0.008333333333333333
2024-11-30,BUY,RDS,2024-11-30,0.008333333333333333
2024-11-30,BUY,REB,2024-11-30,0.008333333333333333
2024-11-30,BUY,SID,2024-11-30,0.008333333333333333
2024-11-30,BUY,SMI,2024-11-30,0.008333333333333333
2024-11-30,BUY,SRM,2024-11-30,0.008333333333333333
2024-11-30,BUY,ZDJ,2024-11-30,0.008333333333333333
2024-12-31,SELL,ADH,2024-06-30,0.008333333333333333
2024-12-31,SELL,ADI,2024-06-30,0.008333333333333333
2024-12-31,SELL,AKT,2024-06-30,0.008333333333333333
2024-12-31,SELL,ARD,2024-06-30,0.008333333333333333
2024-12-31,SELL,ATW,2024-06-30,0.008333333333333333
2024-12-31,SELL,BCI,2024-06-30,0.008333333333333333
2024-12-31,SELL,BCP,2024-06-30,0.008333333333333333
2024-12-31,SELL,BOA,2024-06-30,0.008333333333333333
2024-12-31,SELL,CDM,2024-06-30,0.008333333333333333
2024-12-31,SELL,CRS,2024-06-30,0.008333333333333333
2024-12-31,SELL,DHO,2024-06-30,0.008333333333333333
2024-12-31,SELL,DYT,2024-06-30,0.008333333333333333
2024-12-31,SELL,EQD,2024-06-30,0.008333333333333333
2024-12-31,SELL,FBR,2024-06-30,0.008333333333333333
2024-12-31,SELL,JET,2024-06-30,0.008333333333333333
2024-12-31,SELL,MLE,2024-06-30,0.008333333333333333
2024-12-31,SELL,RDS,2024-06-30,0.008333333333333333
2024-12-31,SELL,RIS,2024-06-30,0.008333333333333333
2024-12-31,SELL,SID,2024-06-30,0.008333333333333333
2024-12-31,SELL,SMI,2024-06-30,0.008333333333333333
2024-12-31,BUY,ADH,2024-12-31,0.008333333333333333
2024-12-31,BUY,ADI,2024-12-31,0.008333333333333333
2024-12-31,BUY,ATW,2024-12-31,0.008333333333333333
2024-12-31,BUY,BCP,2024-12-31,0.008333333333333333
2024-12-31,BUY,CDM,2024-12-31,0.008333333333333333
2024-12-31,BUY,CRS,2024-12-31,0.008333333333333333
2024-12-31,BUY,DHO,2024-12-31,0.008333333333333333
2024-12-31,BUY,DYT,2024-12-31,0.008333333333333333
2024-12-31,BUY,INV,2024-12-31,0.008333333333333333
2024-12-31,BUY,JET,2024-12-31,0.008333333333333333
2024-12-31,BUY,MLE,2024-12-31,0.008333333333333333
2024-12-31,BUY,MNG,2024-12-31,0.008333333333333333
2024-12-31,BUY,MOX,2024-12-31,0.008333333333333333
2024-12-31,BUY,RDS,2024-12-31,0.008333333333333333
2024-12-31,BUY,REB,2024-12-31,0.008333333333333333
2024-12-31,BUY,S2M,2024-12-31,0.008333333333333333
2024-12-31,BUY,SID,2024-12-31,0.008333333333333333
2024-12-31,BUY,SMI,2024-12-31,0.008333333333333333
2024-12-31,BUY,SRM,2024-12-31,0.008333333333333333
2024-12-31,BUY,ZDJ,2024-12-31,0.008333333333333333
2025-01-31,SELL,ADH,2024-07-31,0.008333333333333333
2025-01-31,SELL,ADI,2024-07-31,0.008333333333333333
2025-01-31,SELL,AKT,2024-07-31,0.008333333333333333
2025-01-31,SELL,ARD,2024-07-31,0.008333333333333333
2025-01-31,SELL,ATW,2024-07-31,0.008333333333333333
2025-01-31,SELL,BCI,2024-07-31,0.008333333333333333
2025-01-31,SELL,BCP,2024-07-31,0.008333333333333333
2025-01-31,SELL,CDM,2024-07-31,0.008333333333333333
2025-01-31,SELL,CRS,2024-07-31,0.008333333333333333
2025-01-31,SELL,DHO,2024-07-31,0.008333333333333333
2025-01-31,SELL,DYT,2024-07-31,0.008333333333333333
2025-01-31,SELL,EQD,2024-07-31,0.008333333333333333
2025-01-31,SELL,JET,2024-07-31,0.008333333333333333
2025-01-31,SELL,MLE,2024-07-31,0.008333333333333333
2025-01-31,SELL,MNG,2024-07-31,0.008333333333333333
2025-01-31,SELL,MOX,2024-07-31,0.008333333333333333
2025-01-31,SELL,RDS,2024-07-31,0.008333333333333333
2025-01-31,SELL,RIS,2024-07-31,0.008333333333333333
2025-01-31,SELL,SID,2024-07-31,0.008333333333333333
2025-01-31,SELL,SMI,2024-07-31,0.008333333333333333
2025-01-31,BUY,ADH,2025-01-31,0.008333333333333333
2025-01-31,BUY,ADI,2025-01-31,0.008333333333333333
2025-01-31,BUY,ATW,2025-01-31,0.008333333333333333
2025-01-31,BUY,CDM,2025-01-31,0.008333333333333333
2025-01-31,BUY,CIH,2025-01-31,0.008333333333333333
2025-01-31,BUY,CRS,2025-01-31,0.008333333333333333
2025-01-31,BUY,CTM,2025-01-31,0.008333333333333333
2025-01-31,BUY,DHO,2025-01-31,0.008333333333333333
2025-01-31,BUY,DYT,2025-01-31,0.008333333333333333
2025-01-31,BUY,FBR,2025-01-31,0.008333333333333333
2025-01-31,BUY,INV,2025-01-31,0.008333333333333333
2025-01-31,BUY,JET,2025-01-31,0.008333333333333333
2025-01-31,BUY,MNG,2025-01-31,0.008333333333333333
2025-01-31,BUY,MOX,2025-01-31,0.008333333333333333
2025-01-31,BUY,RDS,2025-01-31,0.008333333333333333
2025-01-31,BUY,REB,2025-01-31,0.008333333333333333
2025-01-31,BUY,SID,2025-01-31,0.008333333333333333
2025-01-31,BUY,SMI,2025-01-31,0.008333333333333333
2025-01-31,BUY,SRM,2025-01-31,0.008333333333333333
2025-01-31,BUY,ZDJ,2025-01-31,0.008333333333333333
2025-02-28,SELL,ADH,2024-08-31,0.008333333333333333
2025-02-28,SELL,ADI,2024-08-31,0.008333333333333333
2025-02-28,SELL,AKT,2024-08-31,0.008333333333333333
2025-02-28,SELL,ARD,2024-08-31,0.008333333333333333
2025-02-28,SELL,ATW,2024-08-31,0.008333333333333333
2025-02-28,SELL,BCI,2024-08-31,0.008333333333333333
2025-02-28,SELL,BCP,2024-08-31,0.008333333333333333
2025-02-28,SELL,CDM,2024-08-31,0.008333333333333333
2025-02-28,SELL,CIH,2024-08-31,0.008333333333333333
2025-02-28,SELL,CRS,2024-08-31,0.008333333333333333
2025-02-28,SELL,DHO,2024-08-31,0.008333333333333333
2025-02-28,SELL,DYT,2024-08-31,0.008333333333333333
2025-02-28,SELL,JET,2024-08-31,0.008333333333333333
2025-02-28,SELL,MAB,2024-08-31,0.008333333333333333
2025-02-28,SELL,MLE,2024-08-31,0.008333333333333333
2025-02-28,SELL,MNG,2024-08-31,0.008333333333333333
2025-02-28,SELL,RDS,2024-08-31,0.008333333333333333
2025-02-28,SELL,SID,2024-08-31,0.008333333333333333
2025-02-28,SELL,SMI,2024-08-31,0.008333333333333333
2025-02-28,SELL,SRM,2024-08-31,0.008333333333333333
2025-02-28,BUY,ADH,2025-02-28,0.008333333333333333
2025-02-28,BUY,ADI,2025-02-28,0.008333333333333333
2025-02-28,BUY,CDM,2025-02-28,0.008333333333333333
2025-02-28,BUY,CIH,2025-02-28,0.008333333333333333
2025-02-28,BUY,CRS,2025-02-28,0.008333333333333333
2025-02-28,BUY,CTM,2025-02-28,0.008333333333333333
2025-02-28,BUY,DHO,2025-02-28,0.008333333333333333
2025-02-28,BUY,DYT,2025-02-28,0.008333333333333333
2025-02-28,BUY,FBR,2025-02-28,0.008333333333333333
2025-02-28,BUY,INV,2025-02-28,0.008333333333333333
2025-02-28,BUY,JET,2025-02-28,0.008333333333333333
2025-02-28,BUY,MNG,2025-02-28,0.008333333333333333
2025-02-28,BUY,MOX,2025-02-28,0.008333333333333333
2025-02-28,BUY,RDS,2025-02-28,0.008333333333333333
2025-02-28,BUY,REB,2025-02-28,0.008333333333333333
2025-02-28,BUY,S2M,2025-02-28,0.008333333333333333
2025-02-28,BUY,SID,2025-02-28,0.008333333333333333
2025-02-28,BUY,SMI,2025-02-28,0.008333333333333333
2025-02-28,BUY,SRM,2025-02-28,0.008333333333333333
2025-02-28,BUY,ZDJ,2025-02-28,0.008333333333333333
2025-03-31,SELL,ADH,2024-09-30,0.008333333333333333
2025-03-31,SELL,ADI,2024-09-30,0.008333333333333333
2025-03-31,SELL,ARD,2024-09-30,0.008333333333333333
2025-03-31,SELL,ATW,2024-09-30,0.008333333333333333
2025-03-31,SELL,BCI,2024-09-30,0.008333333333333333
2025-03-31,SELL,BCP,2024-09-30,0.008333333333333333
2025-03-31,SELL,CDM,2024-09-30,0.008333333333333333
2025-03-31,SELL,CRS,2024-09-30,0.008333333333333333
2025-03-31,SELL,DHO,2024-09-30,0.008333333333333333
2025-03-31,SELL,DYT,2024-09-30,0.008333333333333333
2025-03-31,SELL,FBR,2024-09-30,0.008333333333333333
2025-03-31,SELL,INV,2024-09-30,0.008333333333333333
2025-03-31,SELL,JET,2024-09-30,0.008333333333333333
2025-03-31,SELL,MNG,2024-09-30,0.008333333333333333
2025-03-31,SELL,RDS,2024-09-30,0.008333333333333333
2025-03-31,SELL,S2M,2024-09-30,0.008333333333333333
2025-03-31,SELL,SID,2024-09-30,0.008333333333333333
2025-03-31,SELL,SMI,2024-09-30,0.008333333333333333
2025-03-31,SELL,SRM,2024-09-30,0.008333333333333333
2025-03-31,SELL,ZDJ,2024-09-30,0.008333333333333333
2025-03-31,BUY,ADH,2025-03-31,0.007936507936507936
2025-03-31,BUY,ADI,2025-03-31,0.007936507936507936
2025-03-31,BUY,ATW,2025-03-31,0.007936507936507936
2025-03-31,BUY,BCI,2025-03-31,0.007936507936507936
2025-03-31,BUY,CDM,2025-03-31,0.007936507936507936
2025-03-31,BUY,CRS,2025-03-31,0.007936507936507936
2025-03-31,BUY,CTM,2025-03-31,0.007936507936507936
2025-03-31,BUY,DHO,2025-03-31,0.007936507936507936
2025-03-31,BUY,DYT,2025-03-31,0.007936507936507936
2025-03-31,BUY,FBR,2025-03-31,0.007936507936507936
2025-03-31,BUY,INV,2025-03-31,0.007936507936507936
2025-03-31,BUY,JET,2025-03-31,0.007936507936507936
2025-03-31,BUY,MNG,2025-03-31,0.007936507936507936
2025-03-31,BUY,MOX,2025-03-31,0.007936507936507936
2025-03-31,BUY,RDS,2025-03-31,0.007936507936507936
2025-03-31,BUY,REB,2025-03-31,0.007936507936507936
2025-03-31,BUY,S2M,2025-03-31,0.007936507936507936
2025-03-31,BUY,SID,2025-03-31,0.007936507936507936
2025-03-31,BUY,SMI,2025-03-31,0.007936507936507936
2025-03-31,BUY,SRM,2025-03-31,0.007936507936507936
2025-03-31,BUY,ZDJ,2025-03-31,0.007936507936507936
2025-04-30,SELL,ADH,2024-10-31,0.008333333333333333
2025-04-30,SELL,ADI,2024-10-31,0.008333333333333333
2025-04-30,SELL,ATW,2024-10-31,0.008333333333333333
2025-04-30,SELL,BCP,2024-10-31,0.008333333333333333
2025-04-30,SELL,CDM,2024-10-31,0.008333333333333333
2025-04-30,SELL,CRS,2024-10-31,0.008333333333333333
2025-04-30,SELL,DHO,2024-10-31,0.008333333333333333
2025-04-30,SELL,DYT,2024-10-31,0.008333333333333333
2025-04-30,SELL,FBR,2024-10-31,0.008333333333333333
2025-04-30,SELL,INV,2024-10-31,0.008333333333333333
2025-04-30,SELL,JET,2024-10-31,0.008333333333333333
2025-04-30,SELL,MNG,2024-10-31,0.008333333333333333
2025-04-30,SELL,MUT,2024-10-31,0.008333333333333333
2025-04-30,SELL,RDS,2024-10-31,0.008333333333333333
2025-04-30,SELL,REB,2024-10-31,0.008333333333333333
2025-04-30,SELL,S2M,2024-10-31,0.008333333333333333
2025-04-30,SELL,SID,2024-10-31,0.008333333333333333
2025-04-30,SELL,SMI,2024-10-31,0.008333333333333333
2025-04-30,SELL,SRM,2024-10-31,0.008333333333333333
2025-04-30,SELL,ZDJ,2024-10-31,0.008333333333333333
2025-04-30,BUY,ADH,2025-04-30,0.007936507936507936
2025-04-30,BUY,ADI,2025-04-30,0.007936507936507936
2025-04-30,BUY,ATW,2025-04-30,0.007936507936507936
2025-04-30,BUY,CDM,2025-04-30,0.007936507936507936
2025-04-30,BUY,CRS,2025-04-30,0.007936507936507936
2025-04-30,BUY,CTM,2025-04-30,0.007936507936507936
2025-04-30,BUY,DHO,2025-04-30,0.007936507936507936
2025-04-30,BUY,DYT,2025-04-30,0.007936507936507936
2025-04-30,BUY,FBR,2025-04-30,0.007936507936507936
2025-04-30,BUY,INV,2025-04-30,0.007936507936507936
2025-04-30,BUY,JET,2025-04-30,0.007936507936507936
2025-04-30,BUY,MNG,2025-04-30,0.007936507936507936
2025-04-30,BUY,MOX,2025-04-30,0.007936507936507936
2025-04-30,BUY,RDS,2025-04-30,0.007936507936507936
2025-04-30,BUY,REB,2025-04-30,0.007936507936507936
2025-04-30,BUY,S2M,2025-04-30,0.007936507936507936
2025-04-30,BUY,SID,2025-04-30,0.007936507936507936
2025-04-30,BUY,SMI,2025-04-30,0.007936507936507936
2025-04-30,BUY,SRM,2025-04-30,0.007936507936507936
2025-04-30,BUY,WAA,2025-04-30,0.007936507936507936
2025-04-30,BUY,ZDJ,2025-04-30,0.007936507936507936
2025-05-31,SELL,ADH,2024-11-30,0.008333333333333333
2025-05-31,SELL,ADI,2024-11-30,0.008333333333333333
2025-05-31,SELL,ARD,2024-11-30,0.008333333333333333
2025-05-31,SELL,ATW,2024-11-30,0.008333333333333333
2025-05-31,SELL,BCP,2024-11-30,0.008333333333333333
2025-05-31,SELL,CDM,2024-11-30,0.008333333333333333
2025-05-31,SELL,CRS,2024-11-30,0.008333333333333333
2025-05-31,SELL,DHO,2024-11-30,0.008333333333333333
2025-05-31,SELL,DYT,2024-11-30,0.008333333333333333
2025-05-31,SELL,FBR,2024-11-30,0.008333333333333333
2025-05-31,SELL,INV,2024-11-30,0.008333333333333333
2025-05-31,SELL,JET,2024-11-30,0.008333333333333333
2025-05-31,SELL,MNG,2024-11-30,0.008333333333333333
2025-05-31,SELL,MUT,2024-11-30,0.008333333333333333
2025-05-31,SELL,RDS,2024-11-30,0.008333333333333333
2025-05-31,SELL,REB,2024-11-30,0.008333333333333333
2025-05-31,SELL,SID,2024-11-30,0.008333333333333333
2025-05-31,SELL,SMI,2024-11-30,0.008333333333333333
2025-05-31,SELL,SRM,2024-11-30,0.008333333333333333
2025-05-31,SELL,ZDJ,2024-11-30,0.008333333333333333
2025-05-31,BUY,ADH,2025-05-31,0.007936507936507936
2025-05-31,BUY,ADI,2025-05-31,0.007936507936507936
2025-05-31,BUY,ATW,2025-05-31,0.007936507936507936
2025-05-31,BUY,BOA,2025-05-31,0.007936507936507936
2025-05-31,BUY,CDM,2025-05-31,0.007936507936507936
2025-05-31,BUY,CRS,2025-05-31,0.007936507936507936
2025-05-31,BUY,CTM,2025-05-31,0.007936507936507936
2025-05-31,BUY,DHO,2025-05-31,0.007936507936507936
2025-05-31,BUY,DYT,2025-05-31,0.007936507936507936
2025-05-31,BUY,FBR,2025-05-31,0.007936507936507936
2025-05-31,BUY,INV,2025-05-31,0.007936507936507936
2025-05-31,BUY,JET,2025-05-31,0.007936507936507936
2025-05-31,BUY,MNG,2025-05-31,0.007936507936507936
2025-05-31,BUY,MOX,2025-05-31,0.007936507936507936
2025-05-31,BUY,RDS,2025-05-31,0.007936507936507936
2025-05-31,BUY,REB,2025-05-31,0.007936507936507936
2025-05-31,BUY,S2M,2025-05-31,0.007936507936507936
2025-05-31,BUY,SID,2025-05-31,0.007936507936507936
2025-05-31,BUY,SRM,2025-05-31,0.007936507936507936
2025-05-31,BUY,WAA,2025-05-31,0.007936507936507936
2025-05-31,BUY,ZDJ,2025-05-31,0.007936507936507936
2025-06-30,SELL,ADH,2024-12-31,0.008333333333333333
2025-06-30,SELL,ADI,2024-12-31,0.008333333333333333
2025-06-30,SELL,ATW,2024-12-31,0.008333333333333333
2025-06-30,SELL,BCP,2024-12-31,0.008333333333333333
2025-06-30,SELL,CDM,2024-12-31,0.008333333333333333
2025-06-30,SELL,CRS,2024-12-31,0.008333333333333333
2025-06-30,SELL,DHO,2024-12-31,0.008333333333333333
2025-06-30,SELL,DYT,2024-12-31,0.008333333333333333
2025-06-30,SELL,INV,2024-12-31,0.008333333333333333
2025-06-30,SELL,JET,2024-12-31,0.008333333333333333
2025-06-30,SELL,MLE,2024-12-31,0.008333333333333333
2025-06-30,SELL,MNG,2024-12-31,0.008333333333333333
2025-06-30,SELL,MOX,2024-12-31,0.008333333333333333
2025-06-30,SELL,RDS,2024-12-31,0.008333333333333333
2025-06-30,SELL,REB,2024-12-31,0.008333333333333333
2025-06-30,SELL,S2M,2024-12-31,0.008333333333333333
2025-06-30,SELL,SID,2024-12-31,0.008333333333333333
2025-06-30,SELL,SMI,2024-12-31,0.008333333333333333
2025-06-30,SELL,SRM,2024-12-31,0.008333333333333333
2025-06-30,SELL,ZDJ,2024-12-31,0.008333333333333333
2025-06-30,BUY,ADH,2025-06-30,0.007936507936507936
2025-06-30,BUY,ADI,2025-06-30,0.007936507936507936
2025-06-30,BUY,ATW,2025-06-30,0.007936507936507936
2025-06-30,BUY,BOA,2025-06-30,0.007936507936507936
2025-06-30,BUY,CDM,2025-06-30,0.007936507936507936
2025-06-30,BUY,CTM,2025-06-30,0.007936507936507936
2025-06-30,BUY,DHO,2025-06-30,0.007936507936507936
2025-06-30,BUY,DYT,2025-06-30,0.007936507936507936
2025-06-30,BUY,FBR,2025-06-30,0.007936507936507936
2025-06-30,BUY,INV,2025-06-30,0.007936507936507936
2025-06-30,BUY,JET,2025-06-30,0.007936507936507936
2025-06-30,BUY,MNG,2025-06-30,0.007936507936507936
2025-06-30,BUY,MOX,2025-06-30,0.007936507936507936
2025-06-30,BUY,RDS,2025-06-30,0.007936507936507936
2025-06-30,BUY,REB,2025-06-30,0.007936507936507936
2025-06-30,BUY,RIS,2025-06-30,0.007936507936507936
2025-06-30,BUY,S2M,2025-06-30,0.007936507936507936
2025-06-30,BUY,SID,2025-06-30,0.007936507936507936
2025-06-30,BUY,SRM,2025-06-30,0.007936507936507936
2025-06-30,BUY,WAA,2025-06-30,0.007936507936507936
2025-06-30,BUY,ZDJ,2025-06-30,0.007936507936507936
2025-07-31,SELL,ADH,2025-01-31,0.008333333333333333
2025-07-31,SELL,ADI,2025-01-31,0.008333333333333333
2025-07-31,SELL,ATW,2025-01-31,0.008333333333333333
2025-07-31,SELL,CDM,2025-01-31,0.008333333333333333
2025-07-31,SELL,CIH,2025-01-31,0.008333333333333333
2025-07-31,SELL,CRS,2025-01-31,0.008333333333333333
2025-07-31,SELL,CTM,2025-01-31,0.008333333333333333
2025-07-31,SELL,DHO,2025-01-31,0.008333333333333333
2025-07-31,SELL,DYT,2025-01-31,0.008333333333333333
2025-07-31,SELL,FBR,2025-01-31,0.008333333333333333
2025-07-31,SELL,INV,2025-01-31,0.008333333333333333
2025-07-31,SELL,JET,2025-01-31,0.008333333333333333
2025-07-31,SELL,MNG,2025-01-31,0.008333333333333333
2025-07-31,SELL,MOX,2025-01-31,0.008333333333333333
2025-07-31,SELL,RDS,2025-01-31,0.008333333333333333
2025-07-31,SELL,REB,2025-01-31,0.008333333333333333
2025-07-31,SELL,SID,2025-01-31,0.008333333333333333
2025-07-31,SELL,SMI,2025-01-31,0.008333333333333333
2025-07-31,SELL,SRM,2025-01-31,0.008333333333333333
2025-07-31,SELL,ZDJ,2025-01-31,0.008333333333333333
2025-07-31,BUY,ADH,2025-07-31,0.007936507936507936
2025-07-31,BUY,ADI,2025-07-31,0.007936507936507936
2025-07-31,BUY,ATW,2025-07-31,0.007936507936507936
2025-07-31,BUY,BOA,2025-07-31,0.007936507936507936
2025-07-31,BUY,CDM,2025-07-31,0.007936507936507936
2025-07-31,BUY,CRS,2025-07-31,0.007936507936507936
2025-07-31,BUY,CTM,2025-07-31,0.007936507936507936
2025-07-31,BUY,DHO,2025-07-31,0.007936507936507936
2025-07-31,BUY,DYT,2025-07-31,0.007936507936507936
2025-07-31,BUY,FBR,2025-07-31,0.007936507936507936
2025-07-31,BUY,INV,2025-07-31,0.007936507936507936
2025-07-31,BUY,JET,2025-07-31,0.007936507936507936
2025-07-31,BUY,M2M,2025-07-31,0.007936507936507936
2025-07-31,BUY,MOX,2025-07-31,0.007936507936507936
2025-07-31,BUY,RDS,2025-07-31,0.007936507936507936
2025-07-31,BUY,REB,2025-07-31,0.007936507936507936
2025-07-31,BUY,S2M,2025-07-31,0.007936507936507936
2025-07-31,BUY,SID,2025-07-31,0.007936507936507936
2025-07-31,BUY,SRM,2025-07-31,0.007936507936507936
2025-07-31,BUY,WAA,2025-07-31,0.007936507936507936
2025-07-31,BUY,ZDJ,2025-07-31,0.007936507936507936
2025-08-31,SELL,ADH,2025-02-28,0.008333333333333333
2025-08-31,SELL,ADI,2025-02-28,0.008333333333333333
2025-08-31,SELL,CDM,2025-02-28,0.008333333333333333
2025-08-31,SELL,CIH,2025-02-28,0.008333333333333333
2025-08-31,SELL,CRS,2025-02-28,0.008333333333333333
2025-08-31,SELL,CTM,2025-02-28,0.008333333333333333
2025-08-31,SELL,DHO,2025-02-28,0.008333333333333333
2025-08-31,SELL,DYT,2025-02-28,0.008333333333333333
2025-08-31,SELL,FBR,2025-02-28,0.008333333333333333
2025-08-31,SELL,INV,2025-02-28,0.008333333333333333
2025-08-31,SELL,JET,2025-02-28,0.008333333333333333
2025-08-31,SELL,MNG,2025-02-28,0.008333333333333333
2025-08-31,SELL,MOX,2025-02-28,0.008333333333333333
2025-08-31,SELL,RDS,2025-02-28,0.008333333333333333
2025-08-31,SELL,REB,2025-02-28,0.008333333333333333
2025-08-31,SELL,S2M,2025-02-28,0.008333333333333333
2025-08-31,SELL,SID,2025-02-28,0.008333333333333333
2025-08-31,SELL,SMI,2025-02-28,0.008333333333333333
2025-08-31,SELL,SRM,2025-02-28,0.008333333333333333
2025-08-31,SELL,ZDJ,2025-02-28,0.008333333333333333
2025-08-31,BUY,ADH,2025-08-31,0.007936507936507936
2025-08-31,BUY,ADI,2025-08-31,0.007936507936507936
2025-08-31,BUY,ATW,2025-08-31,0.007936507936507936
2025-08-31,BUY,BOA,2025-08-31,0.007936507936507936
2025-08-31,BUY,CMT,2025-08-31,0.007936507936507936
2025-08-31,BUY,CRS,2025-08-31,0.007936507936507936
2025-08-31,BUY,DHO,2025-08-31,0.007936507936507936
2025-08-31,BUY,DYT,2025-08-31,0.007936507936507936
2025-08-31,BUY,FBR,2025-08-31,0.007936507936507936
2025-08-31,BUY,INV,2025-08-31,0.007936507936507936
2025-08-31,BUY,JET,2025-08-31,0.007936507936507936
2025-08-31,BUY,MNG,2025-08-31,0.007936507936507936
2025-08-31,BUY,MOX,2025-08-31,0.007936507936507936
2025-08-31,BUY,RDS,2025-08-31,0.007936507936507936
2025-08-31,BUY,REB,2025-08-31,0.007936507936507936
2025-08-31,BUY,RIS,2025-08-31,0.007936507936507936
2025-08-31,BUY,S2M,2025-08-31,0.007936507936507936
2025-08-31,BUY,SID,2025-08-31,0.007936507936507936
2025-08-31,BUY,SRM,2025-08-31,0.007936507936507936
2025-08-31,BUY,WAA,2025-08-31,0.007936507936507936
2025-08-31,BUY,ZDJ,2025-08-31,0.007936507936507936
2025-09-30,SELL,ADH,2025-03-31,0.007936507936507936
2025-09-30,SELL,ADI,2025-03-31,0.007936507936507936
2025-09-30,SELL,ATW,2025-03-31,0.007936507936507936
2025-09-30,SELL,BCI,2025-03-31,0.007936507936507936
2025-09-30,SELL,CDM,2025-03-31,0.007936507936507936
2025-09-30,SELL,CRS,2025-03-31,0.007936507936507936
2025-09-30,SELL,CTM,2025-03-31,0.007936507936507936
2025-09-30,SELL,DHO,2025-03-31,0.007936507936507936
2025-09-30,SELL,DYT,2025-03-31,0.007936507936507936
2025-09-30,SELL,FBR,2025-03-31,0.007936507936507936
2025-09-30,SELL,INV,2025-03-31,0.007936507936507936
2025-09-30,SELL,JET,2025-03-31,0.007936507936507936
2025-09-30,SELL,MNG,2025-03-31,0.007936507936507936
2025-09-30,SELL,MOX,2025-03-31,0.007936507936507936
2025-09-30,SELL,RDS,2025-03-31,0.007936507936507936
2025-09-30,SELL,REB,2025-03-31,0.007936507936507936
2025-09-30,SELL,S2M,2025-03-31,0.007936507936507936
2025-09-30,SELL,SID,2025-03-31,0.007936507936507936
2025-09-30,SELL,SMI,2025-03-31,0.007936507936507936
2025-09-30,SELL,SRM,2025-03-31,0.007936507936507936
2025-09-30,SELL,ZDJ,2025-03-31,0.007936507936507936
2025-09-30,BUY,ADH,2025-09-30,0.007936507936507936
2025-09-30,BUY,ADI,2025-09-30,0.007936507936507936
2025-09-30,BUY,ATW,2025-09-30,0.007936507936507936
2025-09-30,BUY,BOA,2025-09-30,0.007936507936507936
2025-09-30,BUY,COL,2025-09-30,0.007936507936507936
2025-09-30,BUY,CTM,2025-09-30,0.007936507936507936
2025-09-30,BUY,DHO,2025-09-30,0.007936507936507936
2025-09-30,BUY,DYT,2025-09-30,0.007936507936507936
2025-09-30,BUY,FBR,2025-09-30,0.007936507936507936
2025-09-30,BUY,INV,2025-09-30,0.007936507936507936
2025-09-30,BUY,JET,2025-09-30,0.007936507936507936
2025-09-30,BUY,MNG,2025-09-30,0.007936507936507936
2025-09-30,BUY,MOX,2025-09-30,0.007936507936507936
2025-09-30,BUY,RDS,2025-09-30,0.007936507936507936
2025-09-30,BUY,REB,2025-09-30,0.007936507936507936
2025-09-30,BUY,RIS,2025-09-30,0.007936507936507936
2025-09-30,BUY,S2M,2025-09-30,0.007936507936507936
2025-09-30,BUY,SID,2025-09-30,0.007936507936507936
2025-09-30,BUY,SRM,2025-09-30,0.007936507936507936
2025-09-30,BUY,WAA,2025-09-30,0.007936507936507936
2025-09-30,BUY,ZDJ,2025-09-30,0.007936507936507936
2025-10-31,SELL,ADH,2025-04-30,0.007936507936507936
2025-10-31,SELL,ADI,2025-04-30,0.007936507936507936
2025-10-31,SELL,ATW,2025-04-30,0.007936507936507936
2025-10-31,SELL,CDM,2025-04-30,0.007936507936507936
2025-10-31,SELL,CRS,2025-04-30,0.007936507936507936
2025-10-31,SELL,CTM,2025-04-30,0.007936507936507936
2025-10-31,SELL,DHO,2025-04-30,0.007936507936507936
2025-10-31,SELL,DYT,2025-04-30,0.007936507936507936
2025-10-31,SELL,FBR,2025-04-30,0.007936507936507936
2025-10-31,SELL,INV,2025-04-30,0.007936507936507936
2025-10-31,SELL,JET,2025-04-30,0.007936507936507936
2025-10-31,SELL,MNG,2025-04-30,0.007936507936507936
2025-10-31,SELL,MOX,2025-04-30,0.007936507936507936
2025-10-31,SELL,RDS,2025-04-30,0.007936507936507936
2025-10-31,SELL,REB,2025-04-30,0.007936507936507936
2025-10-31,SELL,S2M,2025-04-30,0.007936507936507936
2025-10-31,SELL,SID,2025-04-30,0.007936507936507936
2025-10-31,SELL,SMI,2025-04-30,0.007936507936507936
2025-10-31,SELL,SRM,2025-04-30,0.007936507936507936
2025-10-31,SELL,WAA,2025-04-30,0.007936507936507936
2025-10-31,SELL,ZDJ,2025-04-30,0.007936507936507936
2025-10-31,BUY,ADH,2025-10-31,0.007936507936507936
2025-10-31,BUY,ADI,2025-10-31,0.007936507936507936
2025-10-31,BUY,ATW,2025-10-31,0.007936507936507936
2025-10-31,BUY,BOA,2025-10-31,0.007936507936507936
2025-10-31,BUY,CMT,2025-10-31,0.007936507936507936
2025-10-31,BUY,COL,2025-10-31,0.007936507936507936
2025-10-31,BUY,DHO,2025-10-31,0.007936507936507936
2025-10-31,BUY,DWY,2025-10-31,0.007936507936507936
2025-10-31,BUY,DYT,2025-10-31,0.007936507936507936
2025-10-31,BUY,FBR,2025-10-31,0.007936507936507936
2025-10-31,BUY,INV,2025-10-31,0.007936507936507936
2025-10-31,BUY,JET,2025-10-31,0.007936507936507936
2025-10-31,BUY,MNG,2025-10-31,0.007936507936507936
2025-10-31,BUY,MOX,2025-10-31,0.007936507936507936
2025-10-31,BUY,RDS,2025-10-31,0.007936507936507936
2025-10-31,BUY,REB,2025-10-31,0.007936507936507936
2025-10-31,BUY,RIS,2025-10-31,0.007936507936507936
2025-10-31,BUY,S2M,2025-10-31,0.007936507936507936
2025-10-31,BUY,SID,2025-10-31,0.007936507936507936
2025-10-31,BUY,SRM,2025-10-31,0.007936507936507936
2025-10-31,BUY,ZDJ,2025-10-31,0.007936507936507936
2025-11-30,SELL,ADH,2025-05-31,0.007936507936507936
2025-11-30,SELL,ADI,2025-05-31,0.007936507936507936
2025-11-30,SELL,ATW,2025-05-31,0.007936507936507936
2025-11-30,SELL,BOA,2025-05-31,0.007936507936507936
2025-11-30,SELL,CDM,2025-05-31,0.007936507936507936
2025-11-30,SELL,CRS,2025-05-31,0.007936507936507936
2025-11-30,SELL,CTM,2025-05-31,0.007936507936507936
2025-11-30,SELL,DHO,2025-05-31,0.007936507936507936
2025-11-30,SELL,DYT,2025-05-31,0.007936507936507936
2025-11-30,SELL,FBR,2025-05-31,0.007936507936507936
2025-11-30,SELL,INV,2025-05-31,0.007936507936507936
2025-11-30,SELL,JET,2025-05-31,0.007936507936507936
2025-11-30,SELL,MNG,2025-05-31,0.007936507936507936
2025-11-30,SELL,MOX,2025-05-31,0.007936507936507936
2025-11-30,SELL,RDS,2025-05-31,0.007936507936507936
2025-11-30,SELL,REB,2025-05-31,0.007936507936507936
2025-11-30,SELL,S2M,2025-05-31,0.007936507936507936
2025-11-30,SELL,SID,2025-05-31,0.007936507936507936
2025-11-30,SELL,SRM,2025-05-31,0.007936507936507936
2025-11-30,SELL,WAA,2025-05-31,0.007936507936507936
2025-11-30,SELL,ZDJ,2025-05-31,0.007936507936507936
2025-11-30,BUY,ADH,2025-11-30,0.007936507936507936
2025-11-30,BUY,ADI,2025-11-30,0.007936507936507936
2025-11-30,BUY,ATW,2025-11-30,0.007936507936507936
2025-11-30,BUY,BOA,2025-11-30,0.007936507936507936
2025-11-30,BUY,COL,2025-11-30,0.007936507936507936
2025-11-30,BUY,CRS,2025-11-30,0.007936507936507936
2025-11-30,BUY,CTM,2025-11-30,0.007936507936507936
2025-11-30,BUY,DHO,2025-11-30,0.007936507936507936
2025-11-30,BUY,DYT,2025-11-30,0.007936507936507936
2025-11-30,BUY,EQD,2025-11-30,0.007936507936507936
2025-11-30,BUY,FBR,2025-11-30,0.007936507936507936
2025-11-30,BUY,INV,2025-11-30,0.007936507936507936
2025-11-30,BUY,JET,2025-11-30,0.007936507936507936
2025-11-30,BUY,MNG,2025-11-30,0.007936507936507936
2025-11-30,BUY,MOX,2025-11-30,0.007936507936507936
2025-11-30,BUY,RDS,2025-11-30,0.007936507936507936
2025-11-30,BUY,RIS,2025-11-30,0.007936507936507936
2025-11-30,BUY,S2M,2025-11-30,0.007936507936507936
2025-11-30,BUY,SID,2025-11-30,0.007936507936507936
2025-11-30,BUY,WAA,2025-11-30,0.007936507936507936
2025-11-30,BUY,ZDJ,2025-11-30,0.007936507936507936
2025-12-31,SELL,ADH,2025-06-30,0.007936507936507936
2025-12-31,SELL,ADI,2025-06-30,0.007936507936507936
2025-12-31,SELL,ATW,2025-06-30,0.007936507936507936
2025-12-31,SELL,BOA,2025-06-30,0.007936507936507936
2025-12-31,SELL,CDM,2025-06-30,0.007936507936507936
2025-12-31,SELL,CTM,2025-06-30,0.007936507936507936
2025-12-31,SELL,DHO,2025-06-30,0.007936507936507936
2025-12-31,SELL,DYT,2025-06-30,0.007936507936507936
2025-12-31,SELL,FBR,2025-06-30,0.007936507936507936
2025-12-31,SELL,INV,2025-06-30,0.007936507936507936
2025-12-31,SELL,JET,2025-06-30,0.007936507936507936
2025-12-31,SELL,MNG,2025-06-30,0.007936507936507936
2025-12-31,SELL,MOX,2025-06-30,0.007936507936507936
2025-12-31,SELL,RDS,2025-06-30,0.007936507936507936
2025-12-31,SELL,REB,2025-06-30,0.007936507936507936
2025-12-31,SELL,RIS,2025-06-30,0.007936507936507936
2025-12-31,SELL,S2M,2025-06-30,0.007936507936507936
2025-12-31,SELL,SID,2025-06-30,0.007936507936507936
2025-12-31,SELL,SRM,2025-06-30,0.007936507936507936
2025-12-31,SELL,WAA,2025-06-30,0.007936507936507936
2025-12-31,SELL,ZDJ,2025-06-30,0.007936507936507936
2025-12-31,BUY,ADI,2025-12-31,0.007575757575757576
2025-12-31,BUY,ATH,2025-12-31,0.007575757575757576
2025-12-31,BUY,ATW,2025-12-31,0.007575757575757576
2025-12-31,BUY,BOA,2025-12-31,0.007575757575757576
2025-12-31,BUY,COL,2025-12-31,0.007575757575757576
2025-12-31,BUY,CRS,2025-12-31,0.007575757575757576
2025-12-31,BUY,DHO,2025-12-31,0.007575757575757576
2025-12-31,BUY,DWY,2025-12-31,0.007575757575757576
2025-12-31,BUY,DYT,2025-12-31,0.007575757575757576
2025-12-31,BUY,FBR,2025-12-31,0.007575757575757576
2025-12-31,BUY,INV,2025-12-31,0.007575757575757576
2025-12-31,BUY,JET,2025-12-31,0.007575757575757576
2025-12-31,BUY,MNG,2025-12-31,0.007575757575757576
2025-12-31,BUY,MOX,2025-12-31,0.007575757575757576
2025-12-31,BUY,RDS,2025-12-31,0.007575757575757576
2025-12-31,BUY,RIS,2025-12-31,0.007575757575757576
2025-12-31,BUY,S2M,2025-12-31,0.007575757575757576
2025-12-31,BUY,SID,2025-12-31,0.007575757575757576
2025-12-31,BUY,SMI,2025-12-31,0.007575757575757576
2025-12-31,BUY,SRM,2025-12-31,0.007575757575757576
2025-12-31,BUY,WAA,2025-12-31,0.007575757575757576
2025-12-31,BUY,ZDJ,2025-12-31,0.007575757575757576
2026-01-31,SELL,ADH,2025-07-31,0.007936507936507936
2026-01-31,SELL,ADI,2025-07-31,0.007936507936507936
2026-01-31,SELL,ATW,2025-07-31,0.007936507936507936
2026-01-31,SELL,BOA,2025-07-31,0.007936507936507936
2026-01-31,SELL,CDM,2025-07-31,0.007936507936507936
2026-01-31,SELL,CRS,2025-07-31,0.007936507936507936
2026-01-31,SELL,CTM,2025-07-31,0.007936507936507936
2026-01-31,SELL,DHO,2025-07-31,0.007936507936507936
2026-01-31,SELL,DYT,2025-07-31,0.007936507936507936
2026-01-31,SELL,FBR,2025-07-31,0.007936507936507936
2026-01-31,SELL,INV,2025-07-31,0.007936507936507936
2026-01-31,SELL,JET,2025-07-31,0.007936507936507936
2026-01-31,SELL,M2M,2025-07-31,0.007936507936507936
2026-01-31,SELL,MOX,2025-07-31,0.007936507936507936
2026-01-31,SELL,RDS,2025-07-31,0.007936507936507936
2026-01-31,SELL,REB,2025-07-31,0.007936507936507936
2026-01-31,SELL,S2M,2025-07-31,0.007936507936507936
2026-01-31,SELL,SID,2025-07-31,0.007936507936507936
2026-01-31,SELL,SRM,2025-07-31,0.007936507936507936
2026-01-31,SELL,WAA,2025-07-31,0.007936507936507936
2026-01-31,SELL,ZDJ,2025-07-31,0.007936507936507936
2026-01-31,BUY,ALM,2026-01-31,0.007575757575757576
2026-01-31,BUY,ATH,2026-01-31,0.007575757575757576
2026-01-31,BUY,ATW,2026-01-31,0.007575757575757576
2026-01-31,BUY,BOA,2026-01-31,0.007575757575757576
2026-01-31,BUY,COL,2026-01-31,0.007575757575757576
2026-01-31,BUY,DHO,2026-01-31,0.007575757575757576
2026-01-31,BUY,DWY,2026-01-31,0.007575757575757576
2026-01-31,BUY,DYT,2026-01-31,0.007575757575757576
2026-01-31,BUY,EQD,2026-01-31,0.007575757575757576
2026-01-31,BUY,FBR,2026-01-31,0.007575757575757576
2026-01-31,BUY,INV,2026-01-31,0.007575757575757576
2026-01-31,BUY,JET,2026-01-31,0.007575757575757576
2026-01-31,BUY,MNG,2026-01-31,0.007575757575757576
2026-01-31,BUY,MOX,2026-01-31,0.007575757575757576
2026-01-31,BUY,RDS,2026-01-31,0.007575757575757576
2026-01-31,BUY,REB,2026-01-31,0.007575757575757576
2026-01-31,BUY,RIS,2026-01-31,0.007575757575757576
2026-01-31,BUY,S2M,2026-01-31,0.007575757575757576
2026-01-31,BUY,SID,2026-01-31,0.007575757575757576
2026-01-31,BUY,SMI,2026-01-31,0.007575757575757576
2026-01-31,BUY,SRM,2026-01-31,0.007575757575757576
2026-01-31,BUY,ZDJ,2026-01-31,0.007575757575757576
2026-02-28,SELL,ADH,2025-08-31,0.007936507936507936
2026-02-28,SELL,ADI,2025-08-31,0.007936507936507936
2026-02-28,SELL,ATW,2025-08-31,0.007936507936507936
2026-02-28,SELL,BOA,2025-08-31,0.007936507936507936
2026-02-28,SELL,CMT,2025-08-31,0.007936507936507936
2026-02-28,SELL,CRS,2025-08-31,0.007936507936507936
2026-02-28,SELL,DHO,2025-08-31,0.007936507936507936
2026-02-28,SELL,DYT,2025-08-31,0.007936507936507936
2026-02-28,SELL,FBR,2025-08-31,0.007936507936507936
2026-02-28,SELL,INV,2025-08-31,0.007936507936507936
2026-02-28,SELL,JET,2025-08-31,0.007936507936507936
2026-02-28,SELL,MNG,2025-08-31,0.007936507936507936
2026-02-28,SELL,MOX,2025-08-31,0.007936507936507936
2026-02-28,SELL,RDS,2025-08-31,0.007936507936507936
2026-02-28,SELL,REB,2025-08-31,0.007936507936507936
2026-02-28,SELL,RIS,2025-08-31,0.007936507936507936
2026-02-28,SELL,S2M,2025-08-31,0.007936507936507936
2026-02-28,SELL,SID,2025-08-31,0.007936507936507936
2026-02-28,SELL,SRM,2025-08-31,0.007936507936507936
2026-02-28,SELL,WAA,2025-08-31,0.007936507936507936
2026-02-28,SELL,ZDJ,2025-08-31,0.007936507936507936
2026-02-28,BUY,ATH,2026-02-28,0.007575757575757576
2026-02-28,BUY,ATW,2026-02-28,0.007575757575757576
2026-02-28,BUY,BOA,2026-02-28,0.007575757575757576
2026-02-28,BUY,COL,2026-02-28,0.007575757575757576
2026-02-28,BUY,DWY,2026-02-28,0.007575757575757576
2026-02-28,BUY,DYT,2026-02-28,0.007575757575757576
2026-02-28,BUY,EQD,2026-02-28,0.007575757575757576
2026-02-28,BUY,FBR,2026-02-28,0.007575757575757576
2026-02-28,BUY,IMO,2026-02-28,0.007575757575757576
2026-02-28,BUY,INV,2026-02-28,0.007575757575757576
2026-02-28,BUY,JET,2026-02-28,0.007575757575757576
2026-02-28,BUY,MAB,2026-02-28,0.007575757575757576
2026-02-28,BUY,MLE,2026-02-28,0.007575757575757576
2026-02-28,BUY,MNG,2026-02-28,0.007575757575757576
2026-02-28,BUY,RDS,2026-02-28,0.007575757575757576
2026-02-28,BUY,REB,2026-02-28,0.007575757575757576
2026-02-28,BUY,S2M,2026-02-28,0.007575757575757576
2026-02-28,BUY,SID,2026-02-28,0.007575757575757576
2026-02-28,BUY,SMI,2026-02-28,0.007575757575757576
2026-02-28,BUY,SRM,2026-02-28,0.007575757575757576
2026-02-28,BUY,WAA,2026-02-28,0.007575757575757576
2026-02-28,BUY,ZDJ,2026-02-28,0.007575757575757576
2026-03-31,SELL,ADH,2025-09-30,0.007936507936507936
2026-03-31,SELL,ADI,2025-09-30,0.007936507936507936
2026-03-31,SELL,ATW,2025-09-30,0.007936507936507936
2026-03-31,SELL,BOA,2025-09-30,0.007936507936507936
2026-03-31,SELL,COL,2025-09-30,0.007936507936507936
2026-03-31,SELL,CTM,2025-09-30,0.007936507936507936
2026-03-31,SELL,DHO,2025-09-30,0.007936507936507936
2026-03-31,SELL,DYT,2025-09-30,0.007936507936507936
2026-03-31,SELL,FBR,2025-09-30,0.007936507936507936
2026-03-31,SELL,INV,2025-09-30,0.007936507936507936
2026-03-31,SELL,JET,2025-09-30,0.007936507936507936
2026-03-31,SELL,MNG,2025-09-30,0.007936507936507936
2026-03-31,SELL,MOX,2025-09-30,0.007936507936507936
2026-03-31,SELL,RDS,2025-09-30,0.007936507936507936
2026-03-31,SELL,REB,2025-09-30,0.007936507936507936
2026-03-31,SELL,RIS,2025-09-30,0.007936507936507936
2026-03-31,SELL,S2M,2025-09-30,0.007936507936507936
2026-03-31,SELL,SID,2025-09-30,0.007936507936507936
2026-03-31,SELL,SRM,2025-09-30,0.007936507936507936
2026-03-31,SELL,WAA,2025-09-30,0.007936507936507936
2026-03-31,SELL,ZDJ,2025-09-30,0.007936507936507936
2026-03-31,BUY,ATH,2026-03-31,0.007575757575757576
2026-03-31,BUY,ATW,2026-03-31,0.007575757575757576
2026-03-31,BUY,BAL,2026-03-31,0.007575757575757576
2026-03-31,BUY,BCI,2026-03-31,0.007575757575757576
2026-03-31,BUY,BOA,2026-03-31,0.007575757575757576
2026-03-31,BUY,CMG,2026-03-31,0.007575757575757576
2026-03-31,BUY,CMT,2026-03-31,0.007575757575757576
2026-03-31,BUY,COL,2026-03-31,0.007575757575757576
2026-03-31,BUY,DWY,2026-03-31,0.007575757575757576
2026-03-31,BUY,EQD,2026-03-31,0.007575757575757576
2026-03-31,BUY,FBR,2026-03-31,0.007575757575757576
2026-03-31,BUY,IMO,2026-03-31,0.007575757575757576
2026-03-31,BUY,INV,2026-03-31,0.007575757575757576
2026-03-31,BUY,MAB,2026-03-31,0.007575757575757576
2026-03-31,BUY,NKL,2026-03-31,0.007575757575757576
2026-03-31,BUY,RDS,2026-03-31,0.007575757575757576
2026-03-31,BUY,REB,2026-03-31,0.007575757575757576
2026-03-31,BUY,S2M,2026-03-31,0.007575757575757576
2026-03-31,BUY,SMI,2026-03-31,0.007575757575757576
2026-03-31,BUY,SRM,2026-03-31,0.007575757575757576
2026-03-31,BUY,WAA,2026-03-31,0.007575757575757576
2026-03-31,BUY,ZDJ,2026-03-31,0.007575757575757576
2026-04-30,SELL,ADH,2025-10-31,0.007936507936507936
2026-04-30,SELL,ADI,2025-10-31,0.007936507936507936
2026-04-30,SELL,ATW,2025-10-31,0.007936507936507936
2026-04-30,SELL,BOA,2025-10-31,0.007936507936507936
2026-04-30,SELL,CMT,2025-10-31,0.007936507936507936
2026-04-30,SELL,COL,2025-10-31,0.007936507936507936
2026-04-30,SELL,DHO,2025-10-31,0.007936507936507936
2026-04-30,SELL,DWY,2025-10-31,0.007936507936507936
2026-04-30,SELL,DYT,2025-10-31,0.007936507936507936
2026-04-30,SELL,FBR,2025-10-31,0.007936507936507936
2026-04-30,SELL,INV,2025-10-31,0.007936507936507936
2026-04-30,SELL,JET,2025-10-31,0.007936507936507936
2026-04-30,SELL,MNG,2025-10-31,0.007936507936507936
2026-04-30,SELL,MOX,2025-10-31,0.007936507936507936
2026-04-30,SELL,RDS,2025-10-31,0.007936507936507936
2026-04-30,SELL,REB,2025-10-31,0.007936507936507936
2026-04-30,SELL,RIS,2025-10-31,0.007936507936507936
2026-04-30,SELL,S2M,2025-10-31,0.007936507936507936
2026-04-30,SELL,SID,2025-10-31,0.007936507936507936
2026-04-30,SELL,SRM,2025-10-31,0.007936507936507936
2026-04-30,SELL,ZDJ,2025-10-31,0.007936507936507936
2026-04-30,BUY,AFI,2026-04-30,0.007575757575757576
2026-04-30,BUY,ATW,2026-04-30,0.007575757575757576
2026-04-30,BUY,BCI,2026-04-30,0.007575757575757576
2026-04-30,BUY,BOA,2026-04-30,0.007575757575757576
2026-04-30,BUY,CMG,2026-04-30,0.007575757575757576
2026-04-30,BUY,CMT,2026-04-30,0.007575757575757576
2026-04-30,BUY,COL,2026-04-30,0.007575757575757576
2026-04-30,BUY,DYT,2026-04-30,0.007575757575757576
2026-04-30,BUY,EQD,2026-04-30,0.007575757575757576
2026-04-30,BUY,FBR,2026-04-30,0.007575757575757576
2026-04-30,BUY,IMO,2026-04-30,0.007575757575757576
2026-04-30,BUY,INV,2026-04-30,0.007575757575757576
2026-04-30,BUY,MAB,2026-04-30,0.007575757575757576
2026-04-30,BUY,MDP,2026-04-30,0.007575757575757576
2026-04-30,BUY,NKL,2026-04-30,0.007575757575757576
2026-04-30,BUY,RDS,2026-04-30,0.007575757575757576
2026-04-30,BUY,REB,2026-04-30,0.007575757575757576
2026-04-30,BUY,RIS,2026-04-30,0.007575757575757576
2026-04-30,BUY,SMI,2026-04-30,0.007575757575757576
2026-04-30,BUY,SRM,2026-04-30,0.007575757575757576
2026-04-30,BUY,WAA,2026-04-30,0.007575757575757576
2026-04-30,BUY,ZDJ,2026-04-30,0.007575757575757576
2026-05-31,SELL,ADH,2025-11-30,0.007936507936507936
2026-05-31,SELL,ADI,2025-11-30,0.007936507936507936
2026-05-31,SELL,ATW,2025-11-30,0.007936507936507936
2026-05-31,SELL,BOA,2025-11-30,0.007936507936507936
2026-05-31,SELL,COL,2025-11-30,0.007936507936507936
2026-05-31,SELL,CRS,2025-11-30,0.007936507936507936
2026-05-31,SELL,CTM,2025-11-30,0.007936507936507936
2026-05-31,SELL,DHO,2025-11-30,0.007936507936507936
2026-05-31,SELL,DYT,2025-11-30,0.007936507936507936
2026-05-31,SELL,EQD,2025-11-30,0.007936507936507936
2026-05-31,SELL,FBR,2025-11-30,0.007936507936507936
2026-05-31,SELL,INV,2025-11-30,0.007936507936507936
2026-05-31,SELL,JET,2025-11-30,0.007936507936507936
2026-05-31,SELL,MNG,2025-11-30,0.007936507936507936
2026-05-31,SELL,MOX,2025-11-30,0.007936507936507936
2026-05-31,SELL,RDS,2025-11-30,0.007936507936507936
2026-05-31,SELL,RIS,2025-11-30,0.007936507936507936
2026-05-31,SELL,S2M,2025-11-30,0.007936507936507936
2026-05-31,SELL,SID,2025-11-30,0.007936507936507936
2026-05-31,SELL,WAA,2025-11-30,0.007936507936507936
2026-05-31,SELL,ZDJ,2025-11-30,0.007936507936507936
2026-05-31,BUY,AFI,2026-05-31,0.007575757575757576
2026-05-31,BUY,ATW,2026-05-31,0.007575757575757576
2026-05-31,BUY,BCI,2026-05-31,0.007575757575757576
2026-05-31,BUY,CMG,2026-05-31,0.007575757575757576
2026-05-31,BUY,CMT,2026-05-31,0.007575757575757576
2026-05-31,BUY,COL,2026-05-31,0.007575757575757576
2026-05-31,BUY,CRS,2026-05-31,0.007575757575757576
2026-05-31,BUY,DYT,2026-05-31,0.007575757575757576
2026-05-31,BUY,EQD,2026-05-31,0.007575757575757576
2026-05-31,BUY,FBR,2026-05-31,0.007575757575757576
2026-05-31,BUY,IMO,2026-05-31,0.007575757575757576
2026-05-31,BUY,INV,2026-05-31,0.007575757575757576
2026-05-31,BUY,MDP,2026-05-31,0.007575757575757576
2026-05-31,BUY,MLE,2026-05-31,0.007575757575757576
2026-05-31,BUY,NKL,2026-05-31,0.007575757575757576
2026-05-31,BUY,RDS,2026-05-31,0.007575757575757576
2026-05-31,BUY,REB,2026-05-31,0.007575757575757576
2026-05-31,BUY,RIS,2026-05-31,0.007575757575757576
2026-05-31,BUY,SMI,2026-05-31,0.007575757575757576
2026-05-31,BUY,SRM,2026-05-31,0.007575757575757576
2026-05-31,BUY,WAA,2026-05-31,0.007575757575757576
2026-05-31,BUY,ZDJ,2026-05-31,0.007575757575757576
