sample,signal,definition,horizon,periods,pairs,mean_ic,median_ic,ic_std,hit_rate,hac_t_stat,pvalue,fdr_qvalue,fdr_reject_10pct,top_bottom_spread,net_sharpe,max_drawdown,turnover,observations,dates,symbols,avg_names_per_date,bottom_return,middle_return,top_return,monotonic,group
native,book_to_market,Book equity / market cap,6m,56,2254,0.16381627381195868,0.17434947989641633,0.24190870590082023,0.7678571428571429,2.813393942729675,0.004902155411248277,0.03758319148623679,True,0.10342879693918663,0.7590861771004164,-0.8643864551752456,0.06854199818626695,2749,63,70,43.63492063492063,0.09035103333550255,0.096909533995736,0.1923226190826792,True,value
native,cashflow_price,Operating cash flow / market cap,6m,44,2139,0.14666361763278035,0.1328596541524757,0.13790984292511702,0.8863636363636364,5.814384698632164,6.085731474314571e-09,1.3997182390923513e-07,True,0.10353159248471439,1.0634068182849408,-0.6233296792698355,0.09881253887852127,2627,51,69,51.509803921568626,0.11679800277625246,0.05723462238686714,0.20445229991052374,False,value
native,low_leverage,-debt/assets,6m,70,2379,0.1159691572585398,0.09381491847663487,0.3081727081292121,0.6714285714285714,2.0400302471020066,0.04134731320841678,0.2377470509483965,False,-0.01973433829714237,-0.21672405284325216,-0.9215122527707363,0.08876241384146523,2881,77,71,37.41558441558441,0.10373043989182555,0.1873236511212961,0.08431003120226242,False,distress
native,small_size,-log(MarketCap),6m,56,2290,0.0839288745610408,0.10870986136379127,0.28779448600573526,0.6428571428571429,1.301348371323795,0.1931392371198557,0.5552753067195851,False,0.1557151738000089,1.079390045759926,-0.6192344117223444,0.05316558441558442,2785,63,70,44.20634920634921,0.029357229863216507,0.0826106679064755,0.19554545857197883,True,risk_size
native,beta_high,market beta over 252 days,6m,64,2073,0.07864814242188058,0.12495373545603111,0.3741500433084128,0.65625,0.8596429370270163,0.38998589886411206,0.7445434728195034,False,0.07733735797030314,0.45133532655019165,-0.9375815973195959,0.23137090205868316,2561,71,69,36.070422535211264,0.10691346168680713,0.08818454261309368,0.17673760063678773,False,risk_size
native,momentum_12_1,prior 252 trading-day return skipping 21 days,6m,57,1651,0.07512185386764333,0.0014819660258918862,0.4430896806330308,0.5087719298245614,0.6581966508199081,0.5104117766339349,0.7445434728195034,False,0.1436050802523182,0.5966821980203585,-0.9151917455580408,0.367084796718664,2132,64,68,33.3125,0.08655318771098369,0.08945321983327191,0.2190883780009088,True,market_behavior
native,earnings_yield,Net income / market cap; negative earnings retained,6m,56,2266,0.06740777284059245,0.06133214961834359,0.24347273570477226,0.6071428571428571,1.087781925118282,0.276691390726695,0.7071002207459984,False,-0.0740546472651219,-0.6437521469523365,-0.9885981036085377,0.10095587536810106,2761,63,70,43.82539682539682,0.18855510111707308,0.07586829415806816,0.11283398126981674,False,value
native,ebitda_ev_yield,EBITDA / enterprise value,6m,70,2094,0.051296340560207945,0.030966976504127622,0.32068709301723836,0.5857142857142857,0.6542385358691871,0.5129581379370232,0.7445434728195034,False,-0.046428162779888614,-0.5922183008011006,-0.9403737171988317,0.10188829962077307,2559,77,69,33.23376623376623,0.15121480742453308,0.1520550070267883,0.10797810649253611,False,value
native,sales_price,Revenue / market cap,6m,56,2266,0.05104415138550063,0.07766318495518776,0.24711068702931596,0.625,0.7970362298817676,0.4254299902984544,0.7445434728195034,False,0.15026242235863674,1.444699468971298,-0.25089853439785625,0.07605371900826446,2761,63,70,43.82539682539682,0.05872054301910574,0.13031515091996904,0.19271771490055511,True,value
native,dividend_yield,Dividends / market cap; fallback stored Dividend_Yield,6m,56,2091,0.03950335524285147,-0.05241795689859226,0.3016725390505582,0.42857142857142855,0.47335152050133145,0.6359624109731243,0.7445434728195034,False,-0.08910456570008332,-0.8120092953191211,-0.9956478537864896,0.11234970380227298,2558,63,66,40.6031746031746,0.1614699480836583,0.09209284298818932,0.0710452718706261,False,value
native,momentum_6_1,prior 126 trading-day return skipping 21 days,6m,63,2006,0.027917321977801023,0.006060606060606061,0.33603335073324747,0.5079365079365079,0.41273529569926576,0.6798005621395466,0.7445434728195034,False,0.04661402138906976,0.2995346971611916,-0.9408481757027729,0.447015994000121,2493,70,69,35.614285714285714,0.11900891334442534,0.0906891619524464,0.17067130167205863,False,market_behavior
native,operating_profitability_approx,Operating income / book equity; ROE fallback for financials,6m,70,2273,0.016052563205674934,-0.057532243829113476,0.2830339276163448,0.42857142857142855,0.27299727898197856,0.7848553072184323,0.7848553072184323,False,-0.0908446908676907,-1.0743992493652454,-0.9925397556835913,0.09604410740774379,2754,77,68,35.76623376623377,0.14385559035389947,0.11484064639150414,0.07034161032886216,False,profitability_quality
native,short_reversal,-prior 21 trading-day return,6m,69,2347,-0.01706468466520014,-0.006060606060606061,0.2971712352168675,0.4927536231884058,-0.46649591267982743,0.6408605725641905,0.7445434728195034,False,-0.038646972391773414,-0.36022540128461733,-0.9862366774240052,0.8214309712102796,2839,76,71,37.35526315789474,0.1281128434817327,0.10214473807323945,0.09231235177731552,False,market_behavior
native,roa_standalone,Net income / total assets or stored ROA,6m,70,2379,-0.020671968131267728,-0.03511976505901289,0.30226887457736373,0.4714285714285714,-0.31721641117314503,0.7510793981785151,0.7848553072184323,False,-0.11593915195699145,-1.145237641843263,-0.9980343895716411,0.06577900031457344,2881,77,71,37.41558441558441,0.17327774055842443,0.14238085494351646,0.059260661013246965,False,profitability_quality
native,piotroski_lite,Existing PIT Piotroski-lite score,6m,70,2485,-0.02598945660468107,-0.018455367889223882,0.2703971255444012,0.45714285714285713,-0.476199893541995,0.6339319753395167,0.7445434728195034,False,-0.04124918835003048,-0.4384464617400196,-0.9780145228972561,0.11770535951281291,2987,77,71,38.79220779220779,0.10872392648011017,0.1056923550189196,0.08279213115484206,False,profitability_quality
native,roe_standalone,Net income / book equity or stored ROE,6m,70,2379,-0.03239048968487585,-0.10463500366098233,0.3259468560000048,0.42857142857142855,-0.42727373164837273,0.6691799633676747,0.7445434728195034,False,-0.11854375899551489,-1.1682255311934877,-0.9974564258670486,0.0789487430297707,2881,77,71,37.41558441558441,0.19657373338632017,0.09891072624086009,0.07712811614373151,False,profitability_quality
native,accrual_quality,-(Net income - CFO) / assets,6m,44,2158,-0.03756837400720321,0.033375734001494996,0.24268766646072182,0.5681818181818182,-0.5116502306539736,0.6088958238987221,0.7445434728195034,False,0.039154674526989834,0.3386087794695701,-0.7024692711608822,0.09684666042126516,2646,51,69,51.88235294117647,0.11571501138709857,0.11245105221084338,0.15032062233801288,False,profitability_quality
native,conservative_investment,-asset growth,6m,68,2318,-0.05697491501066461,0.010610613778443207,0.3022304964955944,0.5147058823529411,-0.8597306894065937,0.3899375135220191,0.7445434728195034,False,0.07717862704000533,0.90419803412263,-0.352569023057531,0.13567281506221127,2820,75,71,37.6,0.08743326006177027,0.11373232486160938,0.16589555776396284,True,investment
native,beta_low,-market beta over 252 days,6m,64,2073,-0.07864814242188058,-0.12495373545603111,0.3741500433084128,0.3125,-0.8596429370270163,0.38998589886411206,0.7445434728195034,False,-0.08018027116589171,-0.46805250148609856,-0.9998804952504329,0.1993735215153412,2561,71,69,36.070422535211264,0.18176327249502916,0.09147653753542971,0.1030812193733293,False,risk_size
native,size_log_mcap,log(MarketCap),6m,56,2290,-0.0839288745610408,-0.10870986136379127,0.28779448600573526,0.35714285714285715,-1.301348371323795,0.1931392371198557,0.5552753067195851,False,-0.15637618755333632,-1.083502229599387,-0.999986254688926,0.046988014573418294,2785,63,70,44.20634920634921,0.18301522735564366,0.09571476119228366,0.03471044800371017,False,risk_size
native,low_total_volatility,-annualized realized volatility,6m,64,2073,-0.12971215099187772,-0.15821468107035158,0.32596791635152567,0.3125,-1.6216856771229222,0.10487066711868209,0.402004223954948,False,-0.17253268197385968,-1.24355726963391,-0.9999993963840327,0.1857979350812231,2561,71,69,36.070422535211264,0.20690304577702792,0.11469783173914,0.059048771627528585,False,risk_size
native,low_idio_volatility,-market-model residual volatility,6m,64,2073,-0.13427768182538025,-0.18138186074972729,0.30627716745900196,0.3125,-1.82256834993972,0.06836879288986042,0.3144964472933579,False,-0.16894579915913815,-1.2321285645224025,-0.9999991619552826,0.15522388616817961,2561,71,69,36.070422535211264,0.20907366266042265,0.10940443742941215,0.061570391990464844,False,risk_size
native,gross_profitability,Gross profit / total assets,6m,44,1664,-0.19582685969167385,-0.18978418510081496,0.2218929920780426,0.13636363636363635,-3.270631888970531,0.0010730749142613405,0.012340361514005416,True,-0.21753806729061131,-1.5244988901723868,-0.9999626637065876,0.09633986928104575,2045,51,54,40.09803921568628,0.3146632004705985,0.21812932923491418,0.11295441857683863,False,profitability_quality
