sample,signal,definition,horizon,periods,pairs,mean_ic,median_ic,ic_std,hit_rate,hac_t_stat,pvalue,base_signal
orthogonalized,earnings_yield__net_bm,Net income / market cap; negative earnings retained; orthogonalized to B/M,1m,49,2520,0.04303206133804855,0.04895104895104895,0.18251529351431578,0.5714285714285714,1.753605270023003,0.0794981673885049,earnings_yield
orthogonalized,earnings_yield__net_bm,Net income / market cap; negative earnings retained; orthogonalized to B/M,3m,47,2380,0.021269211756899754,0.02727272727272728,0.17458659854258243,0.574468085106383,0.7439537099802979,0.4569044801380757,earnings_yield
orthogonalized,earnings_yield__net_bm,Net income / market cap; negative earnings retained; orthogonalized to B/M,6m,44,2170,-0.027727380903856166,-0.04306557450744518,0.16375519512537534,0.45454545454545453,-1.050349896390876,0.2935572724398372,earnings_yield
orthogonalized,earnings_yield__net_bm,Net income / market cap; negative earnings retained; orthogonalized to B/M,12m,38,1761,-0.02644854886455492,-0.06443650817936568,0.1556686950322905,0.2894736842105263,-0.4620750235153729,0.6440275205857193,earnings_yield
orthogonalized,earnings_yield__net_bm_size_liq,Net income / market cap; negative earnings retained; orthogonalized to B/M+size+liquidity,1m,38,2386,0.03948224811680474,0.014762489270164745,0.12389339797119407,0.5526315789473685,2.0187732241851752,0.04351079526497381,earnings_yield
orthogonalized,earnings_yield__net_bm_size_liq,Net income / market cap; negative earnings retained; orthogonalized to B/M+size+liquidity,3m,36,2246,0.003694792817792692,-0.002198761309607185,0.13625296530436007,0.4722222222222222,0.15100977356431255,0.8799680061259956,earnings_yield
orthogonalized,earnings_yield__net_bm_size_liq,Net income / market cap; negative earnings retained; orthogonalized to B/M+size+liquidity,6m,33,2036,-0.043539795927690514,-0.05008795988017404,0.12114455421693046,0.36363636363636365,-1.9042006769061437,0.056884053615546826,earnings_yield
orthogonalized,earnings_yield__net_bm_size_liq,Net income / market cap; negative earnings retained; orthogonalized to B/M+size+liquidity,12m,27,1627,-0.07608019061113944,-0.09090909090909093,0.07866367803180468,0.18518518518518517,-6.307295025638494,2.8395419349180884e-10,earnings_yield
orthogonalized,dividend_yield__net_bm,Dividends / market cap; fallback stored Dividend_Yield; orthogonalized to B/M,1m,49,2337,0.0006508270002838444,0.012952451398610988,0.23917442437761258,0.5306122448979592,0.021762809559568563,0.9826371608278452,dividend_yield
orthogonalized,dividend_yield__net_bm,Dividends / market cap; fallback stored Dividend_Yield; orthogonalized to B/M,3m,47,2205,0.00997235399406364,-0.0030976490016310977,0.2115906721864919,0.48936170212765956,0.2315303305643681,0.8169028250938957,dividend_yield
orthogonalized,dividend_yield__net_bm,Dividends / market cap; fallback stored Dividend_Yield; orthogonalized to B/M,6m,44,2007,-0.026837391726182803,-0.03335599297433231,0.235752579019179,0.38636363636363635,-0.45696819955331425,0.6476939028306861,dividend_yield
orthogonalized,dividend_yield__net_bm,Dividends / market cap; fallback stored Dividend_Yield; orthogonalized to B/M,12m,38,1623,-0.04816506740412851,-0.11433061997671325,0.1715672889532687,0.3157894736842105,-0.7983288670459994,0.4246796704187159,dividend_yield
orthogonalized,dividend_yield__net_bm_size_liq,Dividends / market cap; fallback stored Dividend_Yield; orthogonalized to B/M+size+liquidity,1m,36,2192,0.010636303967465541,0.026941390627129694,0.15938144663405954,0.6111111111111112,0.3856279419917887,0.6997722361956549,dividend_yield
orthogonalized,dividend_yield__net_bm_size_liq,Dividends / market cap; fallback stored Dividend_Yield; orthogonalized to B/M+size+liquidity,3m,34,2060,-0.008938275955734482,-0.02753542650736316,0.18121602895564626,0.4117647058823529,-0.20913074724928082,0.8343461725265293,dividend_yield
orthogonalized,dividend_yield__net_bm_size_liq,Dividends / market cap; fallback stored Dividend_Yield; orthogonalized to B/M+size+liquidity,6m,31,1862,-0.05605493687142185,-0.04543545309770703,0.1472012559472623,0.3548387096774194,-1.2531447269524556,0.21015304110390343,dividend_yield
orthogonalized,dividend_yield__net_bm_size_liq,Dividends / market cap; fallback stored Dividend_Yield; orthogonalized to B/M+size+liquidity,12m,25,1478,-0.09629492262938527,-0.10951019630264912,0.09765414765667255,0.12,-3.1677808152872955,0.001536072816148648,dividend_yield
orthogonalized,cashflow_price__net_bm,Operating cash flow / market cap; orthogonalized to B/M,1m,49,2484,0.022303500075589414,0.0520796959050573,0.19556502202138434,0.6122448979591837,0.7598832076210926,0.4473244000119878,cashflow_price
orthogonalized,cashflow_price__net_bm,Operating cash flow / market cap; orthogonalized to B/M,3m,47,2346,0.049123407271115034,0.08181818181818183,0.21756504306013946,0.6808510638297872,1.2028122487091943,0.2290489837642138,cashflow_price
orthogonalized,cashflow_price__net_bm,Operating cash flow / market cap; orthogonalized to B/M,6m,44,2139,0.0737868741137882,0.09849309327182987,0.16933484083831501,0.7954545454545454,1.9401052989335343,0.052366894172952705,cashflow_price
orthogonalized,cashflow_price__net_bm,Operating cash flow / market cap; orthogonalized to B/M,12m,38,1736,0.055060148291292056,0.08186163454110688,0.13957062295095113,0.6842105263157895,1.1206343814846322,0.2624435238747429,cashflow_price
orthogonalized,cashflow_price__net_bm_size_liq,Operating cash flow / market cap; orthogonalized to B/M+size+liquidity,1m,38,2350,0.04233796068268596,0.039816009675924746,0.12467755905900017,0.6578947368421053,2.1065525025951737,0.035156387568642256,cashflow_price
orthogonalized,cashflow_price__net_bm_size_liq,Operating cash flow / market cap; orthogonalized to B/M+size+liquidity,3m,36,2212,0.08744391973198393,0.10974364057994807,0.11674490552756742,0.75,4.371379315341083,1.234640873870596e-05,cashflow_price
orthogonalized,cashflow_price__net_bm_size_liq,Operating cash flow / market cap; orthogonalized to B/M+size+liquidity,6m,33,2005,0.08588276609645658,0.08165057067603161,0.12841934941879093,0.9090909090909091,3.899405931866275,9.642899142736638e-05,cashflow_price
orthogonalized,cashflow_price__net_bm_size_liq,Operating cash flow / market cap; orthogonalized to B/M+size+liquidity,12m,27,1602,0.10275310773629309,0.13203671328671326,0.14221485380612126,0.9259259259259259,2.9166657331132746,0.003537947066377445,cashflow_price
orthogonalized,sales_price__net_bm,Revenue / market cap; orthogonalized to B/M,1m,49,2520,-0.027125236445576417,-0.04076547372559281,0.22911946349142637,0.3877551020408163,-0.858595531600195,0.39056370422671605,sales_price
orthogonalized,sales_price__net_bm,Revenue / market cap; orthogonalized to B/M,3m,47,2380,0.018843635803454786,0.02430176146383553,0.22289700827006076,0.5531914893617021,0.3866961652935532,0.6989811553869152,sales_price
orthogonalized,sales_price__net_bm,Revenue / market cap; orthogonalized to B/M,6m,44,2170,0.058988423368647486,0.0895223942622744,0.21985374405156763,0.6136363636363636,1.0068392041421195,0.3140120515232616,sales_price
orthogonalized,sales_price__net_bm,Revenue / market cap; orthogonalized to B/M,12m,38,1761,0.11847216822795194,0.1599463979182535,0.1614576403029903,0.6842105263157895,1.6863520364684639,0.09172801383627904,sales_price
orthogonalized,sales_price__net_bm_size_liq,Revenue / market cap; orthogonalized to B/M+size+liquidity,1m,38,2386,-0.006039296853612301,-0.019938443086669505,0.16094708408672717,0.42105263157894735,-0.22008581366772698,0.8258043230049683,sales_price
orthogonalized,sales_price__net_bm_size_liq,Revenue / market cap; orthogonalized to B/M+size+liquidity,3m,36,2246,-0.009752180422381752,-0.009903050164321326,0.1714101748631879,0.4444444444444444,-0.2554767998008725,0.7983548602929735,sales_price
orthogonalized,sales_price__net_bm_size_liq,Revenue / market cap; orthogonalized to B/M+size+liquidity,6m,33,2036,0.01741463463936849,0.06604743043898073,0.15261603576791377,0.6363636363636364,0.4090322226722741,0.6825160142519888,sales_price
orthogonalized,sales_price__net_bm_size_liq,Revenue / market cap; orthogonalized to B/M+size+liquidity,12m,27,1627,0.0897588702279067,0.1396853146853147,0.16168189154494006,0.8518518518518519,1.5639006290420125,0.11784090677684134,sales_price
orthogonalized,ebitda_ev_yield__net_bm,EBITDA / enterprise value; orthogonalized to B/M,1m,49,2222,0.013966555497133309,0.02467532467532468,0.18530534885393388,0.5306122448979592,0.5269430683576712,0.598233124427985,ebitda_ev_yield
orthogonalized,ebitda_ev_yield__net_bm,EBITDA / enterprise value; orthogonalized to B/M,3m,47,2093,0.005305121929173611,0.03636363636363637,0.1856603685783924,0.5957446808510638,0.15026563914242433,0.8805550411350063,ebitda_ev_yield
orthogonalized,ebitda_ev_yield__net_bm,EBITDA / enterprise value; orthogonalized to B/M,6m,44,1897,0.012567125730514944,0.03061723223013546,0.23788221178040445,0.6590909090909091,0.22676287464339423,0.8206081334415802,ebitda_ev_yield
orthogonalized,ebitda_ev_yield__net_bm,EBITDA / enterprise value; orthogonalized to B/M,12m,38,1512,0.1268133593630318,0.10048620142959766,0.12826715386651805,0.868421052631579,3.601242163588376,0.00031670040997688886,ebitda_ev_yield
orthogonalized,ebitda_ev_yield__net_bm_size_liq,EBITDA / enterprise value; orthogonalized to B/M+size+liquidity,1m,38,2088,0.06260565953816333,0.05457210467094582,0.13854750927065812,0.6842105263157895,2.8256955307201532,0.004717808412441293,ebitda_ev_yield
orthogonalized,ebitda_ev_yield__net_bm_size_liq,EBITDA / enterprise value; orthogonalized to B/M+size+liquidity,3m,36,1959,0.07579999821836475,0.0650587806672657,0.1623189334699112,0.7777777777777778,2.449088786132476,0.01432181399477317,ebitda_ev_yield
orthogonalized,ebitda_ev_yield__net_bm_size_liq,EBITDA / enterprise value; orthogonalized to B/M+size+liquidity,6m,33,1763,0.07598847093025897,0.08506246475344623,0.10810032266006567,0.8181818181818182,3.7448286486081463,0.00018051693627674226,ebitda_ev_yield
orthogonalized,ebitda_ev_yield__net_bm_size_liq,EBITDA / enterprise value; orthogonalized to B/M+size+liquidity,12m,27,1378,0.08741618215415542,0.08282828282828285,0.06657581907233552,0.8888888888888888,10.713070000180123,0.0,ebitda_ev_yield
orthogonalized,small_size__net_bm,-log(MarketCap); orthogonalized to B/M,1m,49,2520,-0.02449435201436625,-0.06553830352558548,0.2509245042796647,0.3673469387755102,-0.7900867881802782,0.4294770851115266,small_size
orthogonalized,small_size__net_bm,-log(MarketCap); orthogonalized to B/M,3m,47,2380,0.02444191654292018,0.02727272727272728,0.20639243618577982,0.5531914893617021,0.5618583448597018,0.5742125363804036,small_size
orthogonalized,small_size__net_bm,-log(MarketCap); orthogonalized to B/M,6m,44,2170,0.062317928050344744,0.08481206293706293,0.21564663535833667,0.5454545454545454,1.0633859058502504,0.2876069817015008,small_size
orthogonalized,small_size__net_bm,-log(MarketCap); orthogonalized to B/M,12m,38,1761,0.1640936349890642,0.17832167832167833,0.17119811168127896,0.868421052631579,3.1988523257521653,0.0013797582488994653,small_size
orthogonalized,small_size__net_bm_size_liq,-log(MarketCap); orthogonalized to B/M+size+liquidity,1m,38,2386,0.0369798847279821,0.010865561128950069,0.22066316555063079,0.5263157894736842,1.135432262135142,0.2561942485006705,small_size
orthogonalized,small_size__net_bm_size_liq,-log(MarketCap); orthogonalized to B/M+size+liquidity,3m,36,2246,0.04279168683041674,0.05647715859409408,0.21853393056494455,0.6111111111111112,1.0374819448085073,0.29951130593776876,small_size
orthogonalized,small_size__net_bm_size_liq,-log(MarketCap); orthogonalized to B/M+size+liquidity,6m,33,2036,0.07249615075410477,0.08103146853146853,0.21395197164397764,0.6060606060606061,1.9227033739864507,0.05451731288063755,small_size
orthogonalized,small_size__net_bm_size_liq,-log(MarketCap); orthogonalized to B/M+size+liquidity,12m,27,1627,0.03494068449496871,0.03060269303698725,0.17707263081983082,0.5555555555555556,1.3075952893973863,0.19101061549869058,small_size
orthogonalized,size_log_mcap__net_bm,log(MarketCap); orthogonalized to B/M,1m,49,2520,0.02449435201436625,0.06553830352558548,0.2509245042796647,0.6326530612244898,0.7900867881802782,0.4294770851115266,size_log_mcap
orthogonalized,size_log_mcap__net_bm,log(MarketCap); orthogonalized to B/M,3m,47,2380,-0.02444191654292018,-0.02727272727272728,0.20639243618577982,0.44680851063829785,-0.5618583448597018,0.5742125363804036,size_log_mcap
orthogonalized,size_log_mcap__net_bm,log(MarketCap); orthogonalized to B/M,6m,44,2170,-0.062317928050344744,-0.08481206293706293,0.21564663535833667,0.45454545454545453,-1.0633859058502504,0.2876069817015008,size_log_mcap
orthogonalized,size_log_mcap__net_bm,log(MarketCap); orthogonalized to B/M,12m,38,1761,-0.1640936349890642,-0.17832167832167833,0.17119811168127896,0.10526315789473684,-3.1988523257521653,0.0013797582488994653,size_log_mcap
orthogonalized,size_log_mcap__net_bm_size_liq,log(MarketCap); orthogonalized to B/M+size+liquidity,1m,38,2386,0.006696543411785874,0.05154249628966773,0.1753912488339555,0.6578947368421053,0.2528910422966686,0.8003524117465539,size_log_mcap
orthogonalized,size_log_mcap__net_bm_size_liq,log(MarketCap); orthogonalized to B/M+size+liquidity,3m,36,2246,-0.01743844081719606,-0.018439434521823568,0.1976994473048261,0.4166666666666667,-0.3858010907916662,0.6996439873937772,size_log_mcap
orthogonalized,size_log_mcap__net_bm_size_liq,log(MarketCap); orthogonalized to B/M+size+liquidity,6m,33,2036,-0.0652371832803619,-0.09069055944055944,0.22663570462673538,0.3939393939393939,-0.9027657604626628,0.3666502267804259,size_log_mcap
orthogonalized,size_log_mcap__net_bm_size_liq,log(MarketCap); orthogonalized to B/M+size+liquidity,12m,27,1627,-0.2166417528106119,-0.2629370629370629,0.18968504512764156,0.14814814814814814,-2.8970369424088944,0.003767053934982334,size_log_mcap
orthogonalized,operating_profitability_approx__net_bm,Operating income / book equity; ROE fallback for financials; orthogonalized to B/M,1m,49,2399,0.03945363727067866,0.020472916824053788,0.213254832857382,0.5714285714285714,1.5225042937912632,0.1278827703543306,operating_profitability_approx
orthogonalized,operating_profitability_approx__net_bm,Operating income / book equity; ROE fallback for financials; orthogonalized to B/M,3m,47,2265,0.0411283262164855,0.05467032967032967,0.15994177788882927,0.5957446808510638,1.230294761173003,0.2185867453969701,operating_profitability_approx
orthogonalized,operating_profitability_approx__net_bm,Operating income / book equity; ROE fallback for financials; orthogonalized to B/M,6m,44,2064,0.048470056569669545,0.08403590944574552,0.1871284596142925,0.6363636363636364,0.927549003957012,0.35364156103923916,operating_profitability_approx
orthogonalized,operating_profitability_approx__net_bm,Operating income / book equity; ROE fallback for financials; orthogonalized to B/M,12m,38,1673,0.13359050903561337,0.1760721210747652,0.12871378077629303,0.8947368421052632,4.486826928688321,7.2291752160058564e-06,operating_profitability_approx
orthogonalized,operating_profitability_approx__net_bm_size_liq,Operating income / book equity; ROE fallback for financials; orthogonalized to B/M+size+liquidity,1m,36,2254,0.05152421639507503,0.051547111488340736,0.1418664112456083,0.6666666666666666,2.0702069548420696,0.03843296826363751,operating_profitability_approx
orthogonalized,operating_profitability_approx__net_bm_size_liq,Operating income / book equity; ROE fallback for financials; orthogonalized to B/M+size+liquidity,3m,34,2120,0.07243991801266232,0.08317623497235448,0.11857200385192752,0.7352941176470589,2.7468498093583933,0.006017068168827855,operating_profitability_approx
orthogonalized,operating_profitability_approx__net_bm_size_liq,Operating income / book equity; ROE fallback for financials; orthogonalized to B/M+size+liquidity,6m,31,1919,0.08260536633573767,0.09410490796001109,0.10592866318153431,0.7741935483870968,3.2000235271141664,0.0013741636986237538,operating_profitability_approx
orthogonalized,operating_profitability_approx__net_bm_size_liq,Operating income / book equity; ROE fallback for financials; orthogonalized to B/M+size+liquidity,12m,25,1528,0.12074259393479451,0.13270352875798838,0.0633056763614103,0.96,7.377943598997408,1.6076029396572267e-13,operating_profitability_approx
orthogonalized,gross_profitability__net_bm,Gross profit / total assets; orthogonalized to B/M,1m,36,1807,-0.012037372937814239,-0.015162881267209789,0.19070320364529209,0.4722222222222222,-0.37781139599529134,0.7055707073471917,gross_profitability
orthogonalized,gross_profitability__net_bm,Gross profit / total assets; orthogonalized to B/M,3m,34,1699,-0.05494190651653928,-0.0995330466331974,0.19635743639403413,0.35294117647058826,-1.1799390598919113,0.2380244532618383,gross_profitability
orthogonalized,gross_profitability__net_bm,Gross profit / total assets; orthogonalized to B/M,6m,31,1537,-0.09849839483188726,-0.12326530612244896,0.16629923868228835,0.1935483870967742,-2.021987844996883,0.043177607593804845,gross_profitability
orthogonalized,gross_profitability__net_bm,Gross profit / total assets; orthogonalized to B/M,12m,25,1225,-0.19684842224515087,-0.21397959183673468,0.07947175159553171,0.04,-9.911394910740418,0.0,gross_profitability
orthogonalized,gross_profitability__net_bm_size_liq,Gross profit / total assets; orthogonalized to B/M+size+liquidity,1m,36,1805,-0.023496221977635897,-0.02196463051069044,0.1624054466833954,0.3888888888888889,-0.8574856351422592,0.3911765503127558,gross_profitability
orthogonalized,gross_profitability__net_bm_size_liq,Gross profit / total assets; orthogonalized to B/M+size+liquidity,3m,34,1697,-0.05767876949237498,-0.09699279711884753,0.16281419433894015,0.29411764705882354,-1.5020517949239183,0.13308373285755337,gross_profitability
orthogonalized,gross_profitability__net_bm_size_liq,Gross profit / total assets; orthogonalized to B/M+size+liquidity,6m,31,1535,-0.0921902945188831,-0.13867700711163256,0.13438693457964251,0.1935483870967742,-2.313225356252965,0.020710252160276665,gross_profitability
orthogonalized,gross_profitability__net_bm_size_liq,Gross profit / total assets; orthogonalized to B/M+size+liquidity,12m,25,1223,-0.15815855982398616,-0.1704081632653061,0.08328512677344971,0.04,-8.323670968486487,0.0,gross_profitability
orthogonalized,roe_standalone__net_bm,Net income / book equity or stored ROE; orthogonalized to B/M,1m,49,2520,-0.008231858720914267,-0.02509157509157509,0.19146175234585067,0.4489795918367347,-0.2932622167969146,0.769321731253799,roe_standalone
orthogonalized,roe_standalone__net_bm,Net income / book equity or stored ROE; orthogonalized to B/M,3m,47,2380,-0.04674584425888248,-0.04895104895104895,0.18478324279900793,0.40425531914893614,-1.1879821692628707,0.234840434667277,roe_standalone
orthogonalized,roe_standalone__net_bm,Net income / book equity or stored ROE; orthogonalized to B/M,6m,44,2170,-0.04797101561526853,-0.04310527780677034,0.15781624652619206,0.45454545454545453,-1.0138027283097166,0.31067689319163216,roe_standalone
orthogonalized,roe_standalone__net_bm,Net income / book equity or stored ROE; orthogonalized to B/M,12m,38,1761,-0.07991532188079241,-0.08244915523868929,0.19305154016053722,0.34210526315789475,-1.0264917335154915,0.3046598581458615,roe_standalone
orthogonalized,roe_standalone__net_bm_size_liq,Net income / book equity or stored ROE; orthogonalized to B/M+size+liquidity,1m,38,2386,0.018172906578399397,0.0178974845764856,0.13873444499405332,0.5263157894736842,0.790802083185603,0.4290594941097505,roe_standalone
orthogonalized,roe_standalone__net_bm_size_liq,Net income / book equity or stored ROE; orthogonalized to B/M+size+liquidity,3m,36,2246,0.01780718754839636,0.00818971140799499,0.1223644200101474,0.5277777777777778,0.6284143353136081,0.5297325485759725,roe_standalone
orthogonalized,roe_standalone__net_bm_size_liq,Net income / book equity or stored ROE; orthogonalized to B/M+size+liquidity,6m,33,2036,0.004305347550002082,0.017973071704414992,0.12110305767773856,0.5757575757575758,0.10942512856072731,0.9128653037086749,roe_standalone
orthogonalized,roe_standalone__net_bm_size_liq,Net income / book equity or stored ROE; orthogonalized to B/M+size+liquidity,12m,27,1627,0.018109520124891747,0.020895522388059702,0.14401178214691487,0.5185185185185185,0.3021936157774972,0.7625044707496718,roe_standalone
orthogonalized,roa_standalone__net_bm,Net income / total assets or stored ROA; orthogonalized to B/M,1m,49,2520,0.0032880270856657117,0.008217142365469568,0.2128294678271627,0.5102040816326531,0.11805922084431311,0.9060207344716966,roa_standalone
orthogonalized,roa_standalone__net_bm,Net income / total assets or stored ROA; orthogonalized to B/M,3m,47,2380,-0.06748751236094729,-0.004655435168368092,0.23999813417985852,0.48936170212765956,-1.2157084625573868,0.22409599930843083,roa_standalone
orthogonalized,roa_standalone__net_bm,Net income / total assets or stored ROA; orthogonalized to B/M,6m,44,2170,-0.08895839524058927,-0.08155407635524634,0.2927041076943823,0.3409090909090909,-1.084499147518685,0.2781435447521483,roa_standalone
orthogonalized,roa_standalone__net_bm,Net income / total assets or stored ROA; orthogonalized to B/M,12m,38,1761,-0.09271382867724269,-0.09543578782959886,0.1737185929108912,0.18421052631578946,-2.47620208852998,0.013278839247762075,roa_standalone
orthogonalized,roa_standalone__net_bm_size_liq,Net income / total assets or stored ROA; orthogonalized to B/M+size+liquidity,1m,38,2386,0.024277206472069168,-0.011962178714685804,0.15911592709234632,0.47368421052631576,1.0752330628924454,0.28227039621662176,roa_standalone
orthogonalized,roa_standalone__net_bm_size_liq,Net income / total assets or stored ROA; orthogonalized to B/M+size+liquidity,3m,36,2246,-0.005238248402671293,-0.016140148081830494,0.18713055723028,0.4444444444444444,-0.14034427604276914,0.888387983248754,roa_standalone
orthogonalized,roa_standalone__net_bm_size_liq,Net income / total assets or stored ROA; orthogonalized to B/M+size+liquidity,6m,33,2036,-0.019014801333202484,-0.04771505376344086,0.1892255738549563,0.30303030303030304,-0.4430738546425953,0.6577123156968658,roa_standalone
orthogonalized,roa_standalone__net_bm_size_liq,Net income / total assets or stored ROA; orthogonalized to B/M+size+liquidity,12m,27,1627,-0.028023782465000705,-0.03361013986013986,0.16112883786728655,0.3333333333333333,-1.3261723375225467,0.18478261980779864,roa_standalone
orthogonalized,accrual_quality__net_bm,-(Net income - CFO) / assets; orthogonalized to B/M,1m,49,2484,-0.01676232122629183,0.027010784647423694,0.20974156809846034,0.5714285714285714,-0.5770339564274581,0.5639165171187317,accrual_quality
orthogonalized,accrual_quality__net_bm,-(Net income - CFO) / assets; orthogonalized to B/M,3m,47,2346,-0.022560595817736354,0.020937271683540343,0.25005990616484913,0.5957446808510638,-0.4389451765750207,0.6607012612101562,accrual_quality
orthogonalized,accrual_quality__net_bm,-(Net income - CFO) / assets; orthogonalized to B/M,6m,44,2139,0.0016268015524652747,0.0420965202276312,0.2157833043997875,0.6363636363636364,0.026434119943240915,0.9789110798725928,accrual_quality
orthogonalized,accrual_quality__net_bm,-(Net income - CFO) / assets; orthogonalized to B/M,12m,38,1736,-0.025042102452956454,0.07828780762248505,0.2712903590874786,0.6052631578947368,-0.23002873384475728,0.8180694419496626,accrual_quality
orthogonalized,accrual_quality__net_bm_size_liq,-(Net income - CFO) / assets; orthogonalized to B/M+size+liquidity,1m,38,2350,0.008956883799024406,0.03244180665886119,0.14817716012909937,0.5263157894736842,0.3600929259752441,0.7187776427111581,accrual_quality
orthogonalized,accrual_quality__net_bm_size_liq,-(Net income - CFO) / assets; orthogonalized to B/M+size+liquidity,3m,36,2212,0.061772947215123115,0.05034344360784897,0.12992329806285352,0.6388888888888888,2.3642183057122823,0.018068162168465296,accrual_quality
orthogonalized,accrual_quality__net_bm_size_liq,-(Net income - CFO) / assets; orthogonalized to B/M+size+liquidity,6m,33,2005,0.08905681040246544,0.0954212454212454,0.10742994905624789,0.7878787878787878,2.7557835423276353,0.005855173103325839,accrual_quality
orthogonalized,accrual_quality__net_bm_size_liq,-(Net income - CFO) / assets; orthogonalized to B/M+size+liquidity,12m,27,1602,0.1302374248594146,0.14748168498168499,0.1015443797666253,0.9259259259259259,2.9129425270256353,0.0035804049175327535,accrual_quality
orthogonalized,piotroski_lite__net_bm,Existing PIT Piotroski-lite score; orthogonalized to B/M,1m,49,2520,-0.022251259397339736,0.0044591139466982595,0.20940770507487427,0.5102040816326531,-0.7826532979893707,0.43383073408472694,piotroski_lite
orthogonalized,piotroski_lite__net_bm,Existing PIT Piotroski-lite score; orthogonalized to B/M,3m,47,2380,-0.06557044014643944,-0.035617723061504715,0.21496006944758797,0.3617021276595745,-1.5223741186859725,0.12791536599598397,piotroski_lite
orthogonalized,piotroski_lite__net_bm,Existing PIT Piotroski-lite score; orthogonalized to B/M,6m,44,2170,-0.07323773681204732,-0.010347538342832259,0.20743761445853698,0.4090909090909091,-1.3729086317814732,0.169780752818538,piotroski_lite
orthogonalized,piotroski_lite__net_bm,Existing PIT Piotroski-lite score; orthogonalized to B/M,12m,38,1761,-0.057611241773649624,-0.0388031150300376,0.12073194163243998,0.2894736842105263,-2.0803597647067096,0.03749254682072323,piotroski_lite
orthogonalized,piotroski_lite__net_bm_size_liq,Existing PIT Piotroski-lite score; orthogonalized to B/M+size+liquidity,1m,38,2386,0.003439074055732693,-0.006814278036428066,0.14504872118872164,0.47368421052631576,0.1311286632241251,0.8956735269549632,piotroski_lite
orthogonalized,piotroski_lite__net_bm_size_liq,Existing PIT Piotroski-lite score; orthogonalized to B/M+size+liquidity,3m,36,2246,-0.0046122365831111,-0.017567126607186963,0.14900894542897566,0.4722222222222222,-0.12387482016456203,0.9014143899644278,piotroski_lite
orthogonalized,piotroski_lite__net_bm_size_liq,Existing PIT Piotroski-lite score; orthogonalized to B/M+size+liquidity,6m,33,2036,-0.0317464793468327,-0.017875874125874127,0.12074411941328254,0.42424242424242425,-1.1529354456989724,0.24893688194152674,piotroski_lite
orthogonalized,piotroski_lite__net_bm_size_liq,Existing PIT Piotroski-lite score; orthogonalized to B/M+size+liquidity,12m,27,1627,-0.03045989849983725,-0.032867132867132866,0.10073944063352108,0.37037037037037035,-0.8650143177799957,0.3870309303158206,piotroski_lite
orthogonalized,conservative_investment__net_bm,-asset growth; orthogonalized to B/M,1m,37,2385,-0.010562382874631316,0.009224043936195027,0.13380049116152257,0.5405405405405406,-0.4369009555927857,0.6621831788917705,conservative_investment
orthogonalized,conservative_investment__net_bm,-asset growth; orthogonalized to B/M,3m,35,2245,0.017751947018265136,0.02753480995239561,0.15666477903768847,0.5142857142857142,0.5132904878730314,0.6077481367978166,conservative_investment
orthogonalized,conservative_investment__net_bm,-asset growth; orthogonalized to B/M,6m,32,2035,0.04806511572802663,0.05974130036630036,0.11758940800105347,0.71875,1.599486809017456,0.10971247729144107,conservative_investment
orthogonalized,conservative_investment__net_bm,-asset growth; orthogonalized to B/M,12m,26,1626,0.07825301647453217,0.07986407354595969,0.09202583748233137,0.9230769230769231,4.756881826207585,1.966061826674803e-06,conservative_investment
orthogonalized,conservative_investment__net_bm_size_liq,-asset growth; orthogonalized to B/M+size+liquidity,1m,36,2362,-0.018186906446286774,-0.010522331520086723,0.09544376316618103,0.4444444444444444,-1.0127531071756457,0.3111781041728503,conservative_investment
orthogonalized,conservative_investment__net_bm_size_liq,-asset growth; orthogonalized to B/M+size+liquidity,3m,34,2222,0.004091374484033318,-0.03828782009535189,0.13064151100712557,0.38235294117647056,0.12812185216496239,0.8980525430377913,conservative_investment
orthogonalized,conservative_investment__net_bm_size_liq,-asset growth; orthogonalized to B/M+size+liquidity,6m,31,2012,0.016400893583449008,-0.0047619047619047615,0.11984613122220929,0.4838709677419355,0.49223376858539725,0.6225540949744508,conservative_investment
orthogonalized,conservative_investment__net_bm_size_liq,-asset growth; orthogonalized to B/M+size+liquidity,12m,25,1603,0.01000803182983139,0.020192307692307693,0.09350802793073065,0.56,0.26267378735207453,0.7928020221567036,conservative_investment
orthogonalized,low_leverage__net_bm,-debt/assets; orthogonalized to B/M,1m,49,2520,0.012621293746944266,-2.1853385637074187e-05,0.20805939337053742,0.4897959183673469,0.48669683360254273,0.6264731894695388,low_leverage
orthogonalized,low_leverage__net_bm,-debt/assets; orthogonalized to B/M,3m,47,2380,0.028643318617539357,0.037340598456924376,0.1895101293001411,0.574468085106383,0.8206524458510185,0.4118442650967049,low_leverage
orthogonalized,low_leverage__net_bm,-debt/assets; orthogonalized to B/M,6m,44,2170,0.01412239346058345,0.02062641306720661,0.2085366338035364,0.5454545454545454,0.3501970776058087,0.7261907998122181,low_leverage
orthogonalized,low_leverage__net_bm,-debt/assets; orthogonalized to B/M,12m,38,1761,-0.06380997084400729,-0.05594405594405595,0.18315244899132563,0.3684210526315789,-1.3019996058465955,0.19291652034401374,low_leverage
orthogonalized,low_leverage__net_bm_size_liq,-debt/assets; orthogonalized to B/M+size+liquidity,1m,38,2386,0.02942238646401888,0.03208148181727884,0.14655953974176153,0.5526315789473685,1.283388979179121,0.19935583302743698,low_leverage
orthogonalized,low_leverage__net_bm_size_liq,-debt/assets; orthogonalized to B/M+size+liquidity,3m,36,2246,0.02565767120960102,0.06053501467982392,0.12060524175882072,0.6111111111111112,1.0577427644423465,0.29017273304229807,low_leverage
orthogonalized,low_leverage__net_bm_size_liq,-debt/assets; orthogonalized to B/M+size+liquidity,6m,33,2036,0.006160464168082716,0.025225917171521436,0.12558600075461185,0.5757575757575758,0.19574599273892818,0.8448089837083665,low_leverage
orthogonalized,low_leverage__net_bm_size_liq,-debt/assets; orthogonalized to B/M+size+liquidity,12m,27,1627,-0.055588466184078235,-0.054304029304029305,0.10826741261257725,0.2962962962962963,-1.21710680944374,0.22356358021946932,low_leverage
orthogonalized,momentum_12_1__net_bm,prior 252 trading-day return skipping 21 days; orthogonalized to B/M,1m,49,1827,-0.015232143976269251,0.045454545454545456,0.30241470536508824,0.5510204081632653,-0.37567108169492963,0.7071614391928565,momentum_12_1
orthogonalized,momentum_12_1__net_bm,prior 252 trading-day return skipping 21 days; orthogonalized to B/M,3m,47,1693,0.0005454782449330224,0.006342301129140189,0.3170147619618812,0.5319148936170213,0.009047665958474123,0.9927811055106619,momentum_12_1
orthogonalized,momentum_12_1__net_bm,prior 252 trading-day return skipping 21 days; orthogonalized to B/M,6m,44,1492,0.05682739141444706,0.11296664444045221,0.31580455330121054,0.6136363636363636,0.8258261449419739,0.4089027207149767,momentum_12_1
orthogonalized,momentum_12_1__net_bm,prior 252 trading-day return skipping 21 days; orthogonalized to B/M,12m,38,1093,0.19463924208298156,0.1571950093568547,0.2207188584508506,0.7894736842105263,2.8416745186684547,0.004487728220688991,momentum_12_1
orthogonalized,momentum_12_1__net_bm_size_liq,prior 252 trading-day return skipping 21 days; orthogonalized to B/M+size+liquidity,1m,27,1594,0.013142198934318845,0.03058643070748362,0.17337229520487868,0.5925925925925926,0.38790533619165024,0.6980860890317695,momentum_12_1
orthogonalized,momentum_12_1__net_bm_size_liq,prior 252 trading-day return skipping 21 days; orthogonalized to B/M+size+liquidity,3m,25,1460,0.01275193251026896,-0.020558608058608055,0.1891911137282529,0.48,0.21818322134494936,0.8272863576029228,momentum_12_1
orthogonalized,momentum_12_1__net_bm_size_liq,prior 252 trading-day return skipping 21 days; orthogonalized to B/M+size+liquidity,6m,22,1259,0.06090839941525992,0.13376831501831501,0.19665375305082108,0.5909090909090909,0.8348604528462887,0.40379628364838305,momentum_12_1
orthogonalized,momentum_12_1__net_bm_size_liq,prior 252 trading-day return skipping 21 days; orthogonalized to B/M+size+liquidity,12m,16,860,0.17723943416259874,0.16420974858474857,0.11427375606724563,0.9375,9.767304970402746,0.0,momentum_12_1
orthogonalized,momentum_6_1__net_bm,prior 126 trading-day return skipping 21 days; orthogonalized to B/M,1m,49,2115,-0.0005508972359093315,0.0006984006625176747,0.29773709195082354,0.5102040816326531,-0.013478377589867103,0.9892461362204497,momentum_6_1
orthogonalized,momentum_6_1__net_bm,prior 126 trading-day return skipping 21 days; orthogonalized to B/M,3m,47,1979,0.002202927469042799,0.009090909090909092,0.3105538110994866,0.5319148936170213,0.036909342772674866,0.9705572903692097,momentum_6_1
orthogonalized,momentum_6_1__net_bm,prior 126 trading-day return skipping 21 days; orthogonalized to B/M,6m,44,1776,0.03562945496171487,0.09590909565612682,0.2874729435259659,0.6818181818181818,0.5881801992718613,0.55641134648555,momentum_6_1
orthogonalized,momentum_6_1__net_bm,prior 126 trading-day return skipping 21 days; orthogonalized to B/M,12m,38,1373,0.15306203857183953,0.17307530643487867,0.19000057552366037,0.8157894736842105,3.5124068132713457,0.0004440677003592075,momentum_6_1
orthogonalized,momentum_6_1__net_bm_size_liq,prior 126 trading-day return skipping 21 days; orthogonalized to B/M+size+liquidity,1m,29,1893,0.024436679818439406,-0.004808793347969582,0.15034633458510888,0.4827586206896552,0.8460687129181356,0.3975144132781949,momentum_6_1
orthogonalized,momentum_6_1__net_bm_size_liq,prior 126 trading-day return skipping 21 days; orthogonalized to B/M+size+liquidity,3m,27,1757,0.025410594368762918,0.00026223776223776224,0.19270478444617611,0.5185185185185185,0.43731288336514784,0.6618844532887778,momentum_6_1
orthogonalized,momentum_6_1__net_bm_size_liq,prior 126 trading-day return skipping 21 days; orthogonalized to B/M+size+liquidity,6m,24,1554,0.04944531973326404,0.07686084243833655,0.1842471217883124,0.625,0.8050432051124878,0.4207947481493628,momentum_6_1
orthogonalized,momentum_6_1__net_bm_size_liq,prior 126 trading-day return skipping 21 days; orthogonalized to B/M+size+liquidity,12m,18,1151,0.15629966635338755,0.18764985014985014,0.1637594312352683,0.8333333333333334,2.8110655701686027,0.004937772193462031,momentum_6_1
orthogonalized,short_reversal__net_bm,-prior 21 trading-day return; orthogonalized to B/M,1m,49,2392,0.015468734023606828,0.030757992139122434,0.23467299376522563,0.6122448979591837,0.4258726097443287,0.6702006744471993,short_reversal
orthogonalized,short_reversal__net_bm,-prior 21 trading-day return; orthogonalized to B/M,3m,47,2253,-0.0014334620555321682,-0.04895104895104895,0.20826481848951453,0.425531914893617,-0.03951747429884053,0.968477821922376,short_reversal
orthogonalized,short_reversal__net_bm,-prior 21 trading-day return; orthogonalized to B/M,6m,44,2048,-0.00048748697030986184,-0.05282185043848486,0.2936937157509343,0.45454545454545453,-0.008680083480845625,0.9930743823713775,short_reversal
orthogonalized,short_reversal__net_bm,-prior 21 trading-day return; orthogonalized to B/M,12m,38,1646,-0.04791376802285079,-0.06558507605627266,0.17544568394916424,0.3157894736842105,-1.552268313475804,0.1205980363696244,short_reversal
orthogonalized,short_reversal__net_bm_size_liq,-prior 21 trading-day return; orthogonalized to B/M+size+liquidity,1m,37,2253,-0.005497601488264608,-0.0031905594405594404,0.1830329010056657,0.4864864864864865,-0.1807860888020675,0.8565354827136629,short_reversal
orthogonalized,short_reversal__net_bm_size_liq,-prior 21 trading-day return; orthogonalized to B/M+size+liquidity,3m,35,2114,-0.05920689062439658,-0.08329036608826898,0.17750895376415263,0.34285714285714286,-1.8455017292103482,0.06496458718408826,short_reversal
orthogonalized,short_reversal__net_bm_size_liq,-prior 21 trading-day return; orthogonalized to B/M+size+liquidity,6m,32,1909,-0.04815768039215046,-0.07482725607725607,0.18695778897378632,0.375,-1.3454192124846576,0.1784898942987001,short_reversal
orthogonalized,short_reversal__net_bm_size_liq,-prior 21 trading-day return; orthogonalized to B/M+size+liquidity,12m,26,1507,-0.09019851972878001,-0.07246162848615142,0.15119521515144407,0.19230769230769232,-5.043406176446935,4.573170544475147e-07,short_reversal
orthogonalized,beta_high__net_bm,market beta over 252 days; orthogonalized to B/M,1m,49,2172,0.011657044130175485,0.06803330639559892,0.2846364762095464,0.5918367346938775,0.2646259828062611,0.7912976020965536,beta_high
orthogonalized,beta_high__net_bm,market beta over 252 days; orthogonalized to B/M,3m,47,2036,0.06914775925567279,0.14923677051557963,0.2872532186597687,0.723404255319149,1.11018868766356,0.2669177264058742,beta_high
orthogonalized,beta_high__net_bm,market beta over 252 days; orthogonalized to B/M,6m,44,1832,0.1115756024069245,0.11939649263856225,0.2627816598600414,0.7045454545454546,1.5866062274378077,0.11260185613667417,beta_high
orthogonalized,beta_high__net_bm,market beta over 252 days; orthogonalized to B/M,12m,38,1428,0.11945662642220557,0.0709501025290499,0.2186520043672076,0.6578947368421053,1.279940516203441,0.20056605685085271,beta_high
orthogonalized,beta_high__net_bm_size_liq,market beta over 252 days; orthogonalized to B/M+size+liquidity,1m,31,1971,0.008101691638334227,0.0845735265395686,0.2651612341781938,0.6451612903225806,0.15603582821086165,0.8760047802600981,beta_high
orthogonalized,beta_high__net_bm_size_liq,market beta over 252 days; orthogonalized to B/M+size+liquidity,3m,29,1835,0.052518722840024665,0.11849952495653833,0.279666827311382,0.7586206896551724,0.6419484724052188,0.5209066399878055,beta_high
orthogonalized,beta_high__net_bm_size_liq,market beta over 252 days; orthogonalized to B/M+size+liquidity,6m,26,1631,0.14338043528412164,0.21078475162043286,0.24645566491087764,0.7692307692307693,1.5996115146593584,0.10968479242341544,beta_high
orthogonalized,beta_high__net_bm_size_liq,market beta over 252 days; orthogonalized to B/M+size+liquidity,12m,20,1227,0.2614360680998338,0.2648351648351648,0.1608466972734873,0.95,6.090979060435506,1.1222223150753052e-09,beta_high
orthogonalized,beta_low__net_bm,-market beta over 252 days; orthogonalized to B/M,1m,49,2172,-0.011657044130175485,-0.06803330639559892,0.2846364762095464,0.40816326530612246,-0.2646259828062611,0.7912976020965536,beta_low
orthogonalized,beta_low__net_bm,-market beta over 252 days; orthogonalized to B/M,3m,47,2036,-0.06914775925567279,-0.14923677051557963,0.2872532186597687,0.2765957446808511,-1.11018868766356,0.2669177264058742,beta_low
orthogonalized,beta_low__net_bm,-market beta over 252 days; orthogonalized to B/M,6m,44,1832,-0.1115756024069245,-0.11939649263856225,0.2627816598600414,0.29545454545454547,-1.5866062274378077,0.11260185613667417,beta_low
orthogonalized,beta_low__net_bm,-market beta over 252 days; orthogonalized to B/M,12m,38,1428,-0.11945662642220557,-0.0709501025290499,0.2186520043672076,0.3157894736842105,-1.279940516203441,0.20056605685085271,beta_low
orthogonalized,beta_low__net_bm_size_liq,-market beta over 252 days; orthogonalized to B/M+size+liquidity,1m,31,1971,-0.008101691638334227,-0.0845735265395686,0.2651612341781938,0.3548387096774194,-0.15603582821086165,0.8760047802600981,beta_low
orthogonalized,beta_low__net_bm_size_liq,-market beta over 252 days; orthogonalized to B/M+size+liquidity,3m,29,1835,-0.052518722840024665,-0.11849952495653833,0.279666827311382,0.2413793103448276,-0.6419484724052188,0.5209066399878055,beta_low
orthogonalized,beta_low__net_bm_size_liq,-market beta over 252 days; orthogonalized to B/M+size+liquidity,6m,26,1631,-0.14338043528412164,-0.21078475162043286,0.24645566491087764,0.23076923076923078,-1.5996115146593584,0.10968479242341544,beta_low
orthogonalized,beta_low__net_bm_size_liq,-market beta over 252 days; orthogonalized to B/M+size+liquidity,12m,20,1227,-0.2614360680998338,-0.2648351648351648,0.1608466972734873,0.05,-6.090979060435506,1.1222223150753052e-09,beta_low
orthogonalized,low_total_volatility__net_bm,-annualized realized volatility; orthogonalized to B/M,1m,49,2172,0.0006820445275928054,0.009338335062654642,0.21597648091083366,0.5306122448979592,0.02406661344953267,0.9807994742124786,low_total_volatility
orthogonalized,low_total_volatility__net_bm,-annualized realized volatility; orthogonalized to B/M,3m,47,2036,-0.06990705654662063,-0.013986013986013986,0.20634827653874183,0.40425531914893614,-1.8239845591258825,0.06815440663433447,low_total_volatility
orthogonalized,low_total_volatility__net_bm,-annualized realized volatility; orthogonalized to B/M,6m,44,1832,-0.1298117516159757,-0.1426573426573427,0.1830071766534616,0.2727272727272727,-2.8566347855377376,0.004281581738365237,low_total_volatility
orthogonalized,low_total_volatility__net_bm,-annualized realized volatility; orthogonalized to B/M,12m,38,1428,-0.2074946374604879,-0.25812937062937064,0.14263165374966122,0.05263157894736842,-3.417782820484108,0.0006313346265010011,low_total_volatility
orthogonalized,low_total_volatility__net_bm_size_liq,-annualized realized volatility; orthogonalized to B/M+size+liquidity,1m,31,1971,-0.004817494465458188,-0.01191942385972237,0.18826031108830243,0.45161290322580644,-0.13784959539818079,0.8903592870209576,low_total_volatility
orthogonalized,low_total_volatility__net_bm_size_liq,-annualized realized volatility; orthogonalized to B/M+size+liquidity,3m,29,1835,-0.038797510409882115,-0.07567775151456432,0.19136276062829063,0.3103448275862069,-0.8220791208651779,0.41103186772403744,low_total_volatility
orthogonalized,low_total_volatility__net_bm_size_liq,-annualized realized volatility; orthogonalized to B/M+size+liquidity,6m,26,1631,-0.11991924242336216,-0.12282301032301032,0.17754006342510378,0.19230769230769232,-2.069996810754676,0.03845264311376173,low_total_volatility
orthogonalized,low_total_volatility__net_bm_size_liq,-annualized realized volatility; orthogonalized to B/M+size+liquidity,12m,20,1227,-0.20286828469140855,-0.21085718716767105,0.11647327769139229,0.05,-11.456241571165956,0.0,low_total_volatility
orthogonalized,low_idio_volatility__net_bm,-market-model residual volatility; orthogonalized to B/M,1m,49,2172,-0.0086112782518695,0.006684981684981684,0.21550563639094467,0.5102040816326531,-0.31519487276717617,0.752613698251847,low_idio_volatility
orthogonalized,low_idio_volatility__net_bm,-market-model residual volatility; orthogonalized to B/M,3m,47,2036,-0.07299320534275744,-0.027972027972027972,0.1905680047872632,0.3617021276595745,-2.2451824894760066,0.024756419745983305,low_idio_volatility
orthogonalized,low_idio_volatility__net_bm,-market-model residual volatility; orthogonalized to B/M,6m,44,1832,-0.13374303627783254,-0.18181818181818182,0.17946371495013025,0.25,-3.2020283025086798,0.001364635896605293,low_idio_volatility
orthogonalized,low_idio_volatility__net_bm,-market-model residual volatility; orthogonalized to B/M,12m,38,1428,-0.23449908830548255,-0.27060751748251743,0.1250139623277525,0.05263157894736842,-5.457475804758483,4.829509370196661e-08,low_idio_volatility
orthogonalized,low_idio_volatility__net_bm_size_liq,-market-model residual volatility; orthogonalized to B/M+size+liquidity,1m,31,1971,-0.0032104056178113875,-0.01172161172161172,0.16732601133039737,0.3870967741935484,-0.1040070580188357,0.9171637474619492,low_idio_volatility
orthogonalized,low_idio_volatility__net_bm_size_liq,-market-model residual volatility; orthogonalized to B/M+size+liquidity,3m,29,1835,-0.04078164025313089,-0.07942803465191525,0.16786082191934681,0.3448275862068966,-1.0592176891733267,0.2895006508112803,low_idio_volatility
orthogonalized,low_idio_volatility__net_bm_size_liq,-market-model residual volatility; orthogonalized to B/M+size+liquidity,6m,26,1631,-0.1143669481605083,-0.11680506993006992,0.16360624571210222,0.2692307692307692,-2.169218726081649,0.030066082107309322,low_idio_volatility
orthogonalized,low_idio_volatility__net_bm_size_liq,-market-model residual volatility; orthogonalized to B/M+size+liquidity,12m,20,1227,-0.18946703640510973,-0.17598859473859474,0.1044786211680881,0.05,-14.077289357464059,0.0,low_idio_volatility
