sample,signal,definition,horizon,periods,pairs,mean_ic,median_ic,ic_std,hit_rate,hac_t_stat,pvalue,fdr_qvalue,fdr_reject_10pct
native,earnings_yield,Net income / market cap; negative earnings retained,1m,61,2616,0.04370147443607799,0.03819444456612095,0.2256429607078194,0.5409836065573771,1.4424875827564463,0.14916487207232976,0.8833197152732488,False
native,earnings_yield,Net income / market cap; negative earnings retained,3m,59,2476,0.06825076927943156,0.06293706293706294,0.2393271485158156,0.5932203389830508,1.524229970878702,0.12745127365198305,0.41876847057080147,False
native,earnings_yield,Net income / market cap; negative earnings retained,6m,56,2266,0.06944296577439778,0.06271637242346177,0.22605428054687096,0.6428571428571429,1.2276429176685073,0.2195810433685721,0.5611515552752397,False
native,earnings_yield,Net income / market cap; negative earnings retained,12m,50,1857,0.04961077104811676,-0.00982517278892086,0.218316215954318,0.42,0.6499609948133357,0.5157174171254699,0.5648333616136099,False
native,book_to_market,Book equity / market cap,1m,61,2483,0.06951447650489789,0.03823612141814258,0.26166748959710534,0.5737704918032787,2.1835116226655815,0.028998153984417963,0.6669575416416131,False
native,book_to_market,Book equity / market cap,3m,59,2349,0.1271696295331132,0.12158110873601292,0.22775099538496324,0.7796610169491526,3.5060582598600614,0.00045479566025097284,0.010460300185772375,True
native,book_to_market,Book equity / market cap,6m,56,2148,0.1701959809032382,0.20964492809567647,0.22513745581805947,0.75,3.4506678305561764,0.0005592013581536825,0.006430815618767349,True
native,book_to_market,Book equity / market cap,12m,50,1757,0.36392963704310183,0.31861249218960197,0.3089446628688589,0.88,3.2781853154269647,0.001044767819095016,0.004004943306530895,True
native,dividend_yield,Dividends / market cap; fallback stored Dividend_Yield,1m,61,2421,0.00383596636171269,-0.004729714974834251,0.2613061561134,0.47540983606557374,0.14455955229949602,0.8850586342842008,0.8850586342842008,False
native,dividend_yield,Dividends / market cap; fallback stored Dividend_Yield,3m,59,2289,0.056656312967827964,0.039828687366066345,0.2530889191753979,0.5423728813559322,1.1749334734059753,0.240021332449337,0.5018627860304319,False
native,dividend_yield,Dividends / market cap; fallback stored Dividend_Yield,6m,56,2091,0.02037070218162698,-0.05241795689859226,0.2740511866771819,0.42857142857142855,0.2780978190041032,0.7809372699146075,0.8449113236745899,False
native,dividend_yield,Dividends / market cap; fallback stored Dividend_Yield,12m,50,1707,-0.03147433619366855,-0.09034045696171358,0.2725843945109546,0.26,-0.3311277288361424,0.7405480074023423,0.7545196933776098,False
native,cashflow_price,Operating cash flow / market cap,1m,49,1950,0.03967549617626302,0.062436914203316506,0.24768960300480677,0.6530612244897959,1.1036254744755527,0.26975563595488117,0.8833197152732488,False
native,cashflow_price,Operating cash flow / market cap,3m,47,1841,0.09210776416253971,0.11904761904761905,0.23337958490596247,0.6808510638297872,2.6643419698988327,0.007713910081168507,0.08870996593343783,True
native,cashflow_price,Operating cash flow / market cap,6m,44,1676,0.135428070917559,0.15266203216999424,0.13406703740179152,0.8181818181818182,4.935357867198995,8.00039261061869e-07,1.8400903004422986e-05,True
native,cashflow_price,Operating cash flow / market cap,12m,38,1358,0.19626813726913278,0.18004256971762822,0.13642530275021053,0.9210526315789473,4.216544090525136,2.4807480189847908e-05,0.00019019068145550064,True
native,sales_price,Revenue / market cap,1m,61,2616,0.009444839403440954,0.004809894640403114,0.2813279514628091,0.5081967213114754,0.23617990427089283,0.8132930725331922,0.8850586342842008,False
native,sales_price,Revenue / market cap,3m,59,2476,0.02305896784640836,0.0138820581837633,0.2992180061966379,0.5254237288135594,0.4075272838862988,0.6836207593345618,0.7146944302134055,False
native,sales_price,Revenue / market cap,6m,56,2266,0.0174574317519725,0.06508905656149151,0.2692898617187043,0.5892857142857143,0.24277971739775392,0.8081760487322165,0.8449113236745899,False
native,sales_price,Revenue / market cap,12m,50,1857,0.14696829771932943,0.22118755290565223,0.2636565164605626,0.8,1.9277837687598223,0.053882027445297354,0.1549108289052299,False
native,ebitda_ev_yield,EBITDA / enterprise value,1m,75,2424,0.02221615211853811,0.02571552462507332,0.3217310442343983,0.56,0.6232741454768088,0.5331043848454575,0.8850586342842008,False
native,ebitda_ev_yield,EBITDA / enterprise value,3m,73,2293,0.05902743230104101,0.014394710956526894,0.3061862639974062,0.5068493150684932,0.9829521072373489,0.32563101047999443,0.5526932294134825,False
native,ebitda_ev_yield,EBITDA / enterprise value,6m,70,2094,0.03222986569970041,0.023879376202802942,0.30935608202796705,0.5428571428571428,0.42767574281912457,0.668887212726534,0.8449113236745899,False
native,ebitda_ev_yield,EBITDA / enterprise value,12m,64,1703,0.05919123967112348,0.02701044521088529,0.21054256067859667,0.5625,1.3709960242370718,0.17037619541174287,0.3283478345290866,False
native,small_size,-log(MarketCap),1m,61,2640,0.01832485811327191,-0.009008837058385663,0.3038012425658247,0.47540983606557374,0.48538890546422503,0.6274005007919237,0.8850586342842008,False
native,small_size,-log(MarketCap),3m,59,2500,0.06242093148801159,0.041854542427289136,0.26699934665040564,0.6101694915254238,1.2567234016593378,0.20885381115820012,0.4803637656638603,False
native,small_size,-log(MarketCap),6m,56,2290,0.0839288745610408,0.10870986136379127,0.28779448600573526,0.6428571428571429,1.301348371323795,0.1931392371198557,0.5552753067195851,False
native,small_size,-log(MarketCap),12m,50,1881,0.205443016807159,0.25151336355139403,0.2088424004431505,0.8,5.014840650679741,5.307743626836725e-07,6.103905170862234e-06,True
native,size_log_mcap,log(MarketCap),1m,61,2640,-0.01832485811327191,0.009008837058385663,0.3038012425658247,0.5081967213114754,-0.48538890546422503,0.6274005007919237,0.8850586342842008,False
native,size_log_mcap,log(MarketCap),3m,59,2500,-0.06242093148801159,-0.041854542427289136,0.26699934665040564,0.3898305084745763,-1.2567234016593378,0.20885381115820012,0.4803637656638603,False
native,size_log_mcap,log(MarketCap),6m,56,2290,-0.0839288745610408,-0.10870986136379127,0.28779448600573526,0.35714285714285715,-1.301348371323795,0.1931392371198557,0.5552753067195851,False
native,size_log_mcap,log(MarketCap),12m,50,1881,-0.205443016807159,-0.25151336355139403,0.2088424004431505,0.2,-5.014840650679741,5.307743626836725e-07,6.103905170862234e-06,True
native,operating_profitability_approx,Operating income / book equity; ROE fallback for financials,1m,75,2613,-0.030102295256500818,-0.03571428571428572,0.3226030854602981,0.38666666666666666,-0.8393916362340236,0.40124957570368913,0.8833197152732488,False
native,operating_profitability_approx,Operating income / book equity; ROE fallback for financials,3m,73,2477,-0.0391639552021351,-0.04919864593719705,0.30349629803077144,0.3561643835616438,-0.8244774475557964,0.4096683249610775,0.5888982171315489,False
native,operating_profitability_approx,Operating income / book equity; ROE fallback for financials,6m,70,2273,-0.019412302689299197,-0.08683034666590626,0.3172475611541724,0.44285714285714284,-0.2706519877828411,0.7866587070746858,0.8449113236745899,False
native,operating_profitability_approx,Operating income / book equity; ROE fallback for financials,12m,64,1876,-0.14600483576430537,-0.11606041010521626,0.40415602800137407,0.375,-1.0417159830701828,0.29754337655703655,0.4330414513812789,False
native,gross_profitability,Gross profit / total assets,1m,49,1899,-0.048994792766667614,-0.016666666666666666,0.25898177404231326,0.46938775510204084,-1.253856392348917,0.2098942076848629,0.8833197152732488,False
native,gross_profitability,Gross profit / total assets,3m,47,1792,-0.10526131533055974,-0.14302385545473933,0.2466327002180957,0.2978723404255319,-2.084773435029865,0.03708987115843687,0.213266759161012,False
native,gross_profitability,Gross profit / total assets,6m,44,1634,-0.175234630858824,-0.15673469113766364,0.23521826207162796,0.13636363636363635,-2.684605628847922,0.00726154334204776,0.05567183228903283,True
native,gross_profitability,Gross profit / total assets,12m,38,1328,-0.32092137461992964,-0.2491390179215724,0.22670328224678116,0.02631578947368421,-3.5164860106837033,0.0004372997028005976,0.002514473291103436,True
native,roe_standalone,Net income / book equity or stored ROE,1m,75,2734,-0.048285009892182644,-0.06670126222657273,0.3224315901538442,0.3466666666666667,-1.3671174868627534,0.1715884829624872,0.8833197152732488,False
native,roe_standalone,Net income / book equity or stored ROE,3m,73,2592,-0.051621977865783764,-0.041507024265644954,0.2987912805276844,0.3287671232876712,-1.0645805911499489,0.2870657667292562,0.5502093862310744,False
native,roe_standalone,Net income / book equity or stored ROE,6m,70,2379,-0.03239048968487585,-0.10463500366098233,0.3259468560000048,0.42857142857142855,-0.42727373164837273,0.6691799633676747,0.8449113236745899,False
native,roe_standalone,Net income / book equity or stored ROE,12m,64,1964,-0.16407598357807676,-0.13291694946131988,0.43218048201877196,0.40625,-1.0688302951570539,0.28514614560588036,0.4330414513812789,False
native,roa_standalone,Net income / total assets or stored ROA,1m,75,2734,-0.020631693466515923,-0.0062463829462585515,0.32740708616418956,0.48,-0.5799691658158395,0.5619354113200248,0.8850586342842008,False
native,roa_standalone,Net income / total assets or stored ROA,3m,73,2592,-0.04473575652396502,-0.03571428571428572,0.288757969367185,0.4246575342465753,-0.9612589834635689,0.33642196572994587,0.5526932294134825,False
native,roa_standalone,Net income / total assets or stored ROA,6m,70,2379,-0.020538099882227222,-0.03511976505901289,0.3022277933149101,0.4714285714285714,-0.3152825270875264,0.7525471503624903,0.8449113236745899,False
native,roa_standalone,Net income / total assets or stored ROA,12m,64,1964,-0.11274249252092453,-0.10411712874455761,0.3115647709129242,0.203125,-1.405592830893854,0.15984506609124738,0.3283478345290866,False
native,accrual_quality,-(Net income - CFO) / assets,1m,49,2503,-0.023870386373720635,0.019123093880320914,0.2168434087500906,0.5306122448979592,-0.8021654568699782,0.4224572551306842,0.8833197152732488,False
native,accrual_quality,-(Net income - CFO) / assets,3m,47,2365,-0.049536185198863936,0.006687647547190998,0.2638438063408184,0.5106382978723404,-0.8617086730287181,0.38884785172139624,0.5888982171315489,False
native,accrual_quality,-(Net income - CFO) / assets,6m,44,2158,-0.039041134611566976,0.03063265411276052,0.2419666062052772,0.5681818181818182,-0.5343769905062051,0.593080735074613,0.8449113236745899,False
native,accrual_quality,-(Net income - CFO) / assets,12m,38,1755,-0.09257168057317457,0.05506959835690892,0.3008860077713928,0.5789473684210527,-0.7210507717399959,0.47087827753822076,0.5512890478117549,False
native,piotroski_lite,Existing PIT Piotroski-lite score,1m,75,2840,-0.008951348640442157,0.012546646533497349,0.2648548700631127,0.5066666666666667,-0.28834868242508643,0.7730798456299108,0.8850586342842008,False
native,piotroski_lite,Existing PIT Piotroski-lite score,3m,73,2698,-0.025889040282505216,-0.006273323266748674,0.2685772881511491,0.4383561643835616,-0.5899343556086599,0.555234660092061,0.6385198591058702,False
native,piotroski_lite,Existing PIT Piotroski-lite score,6m,70,2485,-0.010099169658824292,0.014298820687474706,0.2705326323207642,0.5142857142857142,-0.18509401109826337,0.8531552988989244,0.8531552988989243,False
native,piotroski_lite,Existing PIT Piotroski-lite score,12m,64,2070,-0.04854875926113997,-0.05810731511209326,0.23224836517959405,0.390625,-0.7611961374699279,0.4465399249642865,0.5512890478117549,False
native,conservative_investment,-asset growth,1m,73,2673,-0.03493035478054064,0.0,0.38021057943934294,0.4794520547945205,-0.8380929878915391,0.40197848081410315,0.8833197152732488,False
native,conservative_investment,-asset growth,3m,71,2531,-0.0791018372200943,-0.016666666666666666,0.36555795436594113,0.4647887323943662,-1.3652379302422857,0.17217828042674843,0.4803637656638603,False
native,conservative_investment,-asset growth,6m,68,2318,-0.08436820156286103,0.0007782334111273307,0.32520779421292495,0.5,-1.1495975815748116,0.25030965472549394,0.575712205868636,False
native,conservative_investment,-asset growth,12m,62,1903,-0.09932203017113903,0.016303270048587108,0.3162608907795832,0.5,-1.0337645948708212,0.3012462270478462,0.4330414513812789,False
native,low_leverage,-debt/assets,1m,75,2734,0.037763411412817714,0.04831756675847203,0.2656979141286082,0.56,1.3469183617201177,0.17800652711885978,0.8833197152732488,False
native,low_leverage,-debt/assets,3m,73,2592,0.10987597991571793,0.0979020979020979,0.29191323154664167,0.6301369863013698,2.219680499903775,0.02644046346176543,0.20271021987353496,False
native,low_leverage,-debt/assets,6m,70,2379,0.10303777970091285,0.08024369970831373,0.30796726763962273,0.6571428571428571,1.8852184625838015,0.059400349179577816,0.3144964472933579,False
native,low_leverage,-debt/assets,12m,64,1964,0.1175564293175066,0.09999999999999999,0.31079930332902506,0.65625,1.3200996534598148,0.18680174846766406,0.33049540113509795,False
native,momentum_12_1,prior 252 trading-day return skipping 21 days,1m,62,1991,0.044699173382081896,0.05603308818838515,0.3494436166395837,0.5483870967741935,0.9713675495884327,0.33136528191273795,0.8833197152732488,False
native,momentum_12_1,prior 252 trading-day return skipping 21 days,3m,60,1855,0.051300682069245714,0.0240197281381882,0.37602131817637885,0.5166666666666667,0.7473916816420284,0.45482716510922705,0.6153543998536601,False
native,momentum_12_1,prior 252 trading-day return skipping 21 days,6m,57,1651,0.07512185386764333,0.0014819660258918862,0.4430896806330308,0.5087719298245614,0.6581966508199081,0.5104117766339349,0.8449113236745899,False
native,momentum_12_1,prior 252 trading-day return skipping 21 days,12m,51,1246,0.10776931665812281,0.1346492896346728,0.41133013531859564,0.5882352941176471,0.7152264388134766,0.4744691345950476,0.5512890478117549,False
native,momentum_6_1,prior 126 trading-day return skipping 21 days,1m,68,2350,0.005918531147277053,0.013646729566691142,0.301391619170577,0.5147058823529411,0.16203212414755389,0.8712805567119075,0.8850586342842008,False
native,momentum_6_1,prior 126 trading-day return skipping 21 days,3m,66,2212,0.015566490494757092,0.023617950197250548,0.32669738708057344,0.5454545454545454,0.28671759978204686,0.7743285604576042,0.7743285604576043,False
native,momentum_6_1,prior 126 trading-day return skipping 21 days,6m,63,2006,0.027917321977801023,0.006060606060606061,0.33603335073324747,0.5079365079365079,0.41273529569926576,0.6798005621395466,0.8449113236745899,False
native,momentum_6_1,prior 126 trading-day return skipping 21 days,12m,57,1597,0.0722814099488564,0.11665100995464789,0.3369909515867708,0.6140350877192983,0.7072972394436492,0.4793817807058738,0.5512890478117549,False
native,short_reversal,-prior 21 trading-day return,1m,74,2696,0.010316431810856242,0.005821247579502964,0.2739060569373615,0.5135135135135135,0.3078886527656364,0.7581670604423443,0.8850586342842008,False
native,short_reversal,-prior 21 trading-day return,3m,72,2555,0.0165459554890614,0.006708560496253418,0.2607796395531294,0.5,0.5411164355922057,0.5884273304524741,0.644468028590805,False
native,short_reversal,-prior 21 trading-day return,6m,69,2347,-0.01706468466520014,-0.006060606060606061,0.2971712352168675,0.4927536231884058,-0.46649591267982743,0.6408605725641905,0.8449113236745899,False
native,short_reversal,-prior 21 trading-day return,12m,63,1939,-0.014382007227869734,-0.03326576094747519,0.2874872996339969,0.42857142857142855,-0.31268539407106466,0.7545196933776099,0.7545196933776098,False
native,beta_high,market beta over 252 days,1m,69,2418,0.015157357680733443,0.05695015369503181,0.3302918202565144,0.5652173913043478,0.3375848648601756,0.7356760493655408,0.8850586342842008,False
native,beta_high,market beta over 252 days,3m,67,2280,0.045426710093941676,0.07263806401149453,0.3815816494280004,0.6268656716417911,0.6434171237320904,0.5199534752042312,0.6294173647209115,False
native,beta_high,market beta over 252 days,6m,64,2073,0.07864814242188058,0.12495373545603111,0.3741500433084128,0.65625,0.8596429370270163,0.38998589886411206,0.7474729728228815,False
native,beta_high,market beta over 252 days,12m,58,1663,0.12384704483638535,0.20031743143396813,0.33181946528352513,0.6724137931034483,1.3680005189532116,0.17131191366734955,0.3283478345290866,False
native,beta_low,-market beta over 252 days,1m,69,2418,-0.015157357680733443,-0.05695015369503181,0.3302918202565144,0.42028985507246375,-0.3375848648601756,0.7356760493655408,0.8850586342842008,False
native,beta_low,-market beta over 252 days,3m,67,2280,-0.045426710093941676,-0.07263806401149453,0.3815816494280004,0.373134328358209,-0.6434171237320904,0.5199534752042312,0.6294173647209115,False
native,beta_low,-market beta over 252 days,6m,64,2073,-0.07864814242188058,-0.12495373545603111,0.3741500433084128,0.3125,-0.8596429370270163,0.38998589886411206,0.7474729728228815,False
native,beta_low,-market beta over 252 days,12m,58,1663,-0.12384704483638535,-0.20031743143396813,0.33181946528352513,0.3275862068965517,-1.3680005189532116,0.17131191366734955,0.3283478345290866,False
native,low_total_volatility,-annualized realized volatility,1m,69,2418,-0.026930132556321918,-0.010153834408520059,0.3238929382930814,0.4782608695652174,-0.721993326306938,0.4702985806214883,0.8850586342842008,False
native,low_total_volatility,-annualized realized volatility,3m,67,2280,-0.08609152291195295,-0.04242424242424241,0.3033269093138528,0.4626865671641791,-1.6743636420847996,0.09405915374883755,0.360560089370544,False
native,low_total_volatility,-annualized realized volatility,6m,64,2073,-0.12971215099187772,-0.15821468107035158,0.32596791635152567,0.3125,-1.6216856771229222,0.10487066711868209,0.402004223954948,False
native,low_total_volatility,-annualized realized volatility,12m,58,1663,-0.22591505476892204,-0.2918185060853272,0.28169848415653853,0.1896551724137931,-2.9545811609417725,0.003130937886884233,0.010287367342619622,True
native,low_idio_volatility,-market-model residual volatility,1m,69,2418,-0.035996578042352616,0.008500279351903586,0.31658856308547934,0.5072463768115942,-0.9856234086412552,0.32431794664247526,0.8833197152732488,False
native,low_idio_volatility,-market-model residual volatility,3m,67,2280,-0.08865338076917292,-0.045454545454545456,0.28494638819529206,0.40298507462686567,-1.883206054676048,0.059672448842782666,0.27449326467680024,False
native,low_idio_volatility,-market-model residual volatility,6m,64,2073,-0.13427768182538025,-0.18138186074972729,0.30627716745900196,0.3125,-1.82256834993972,0.06836879288986042,0.3144964472933579,False
native,low_idio_volatility,-market-model residual volatility,12m,58,1663,-0.24815203649302459,-0.2866245806035095,0.2805368355817676,0.13793103448275862,-3.4484657808258508,0.0005637809009968464,0.0025933921445854937,True
